Date,Time,Transaction Type,Status,Chain,Buy Amount,Buy Currency,Buy Currency Address,Buy Fiat Amount,Buy Fiat Currency,Sell Amount,Sell Currency,Sell Currency Address,Sell Fiat Amount,Sell Fiat Currency,Fee Amount,Fee Currency,Fee Fiat Amount,Fee Fiat Currency,Refund Amount,Refund Currency,Refund Fiat Amount,Refund Fiat Currency,Tx Hash,Link,Timestamp
06/03/2025,16:04,send,Confirmed,ethereum,,,,,,2.1,ETH,0xa4604a6fd640e44a23efa05027e6af3dd999da8f,7558.66237877086665,CAD,0.000076086203172,ETH,0.273861867361768085507818578,CAD,,,,,0x667f6fdf58f27b567ad063150ba6e8a8ceebae383f1b11510791551bfb2033b3,https://etherscan.io/tx/0x667f6fdf58f27b567ad063150ba6e8a8ceebae383f1b11510791551bfb2033b3,2025-06-03T20:04:23.000Z
06/03/2025,16:03,receive,Confirmed,ethereum,0.289822083917360441,ETH,0xf70da97812cb96acdf810712aa562db8dfa3dbef,1043.1748963062501930369443895219965,CAD,,,,,,,,,,,,,,0xbe2b62cafd74f423295396eecdbf15d70f847189b403cfbb469056f9b6aea76d,https://etherscan.io/tx/0xbe2b62cafd74f423295396eecdbf15d70f847189b403cfbb469056f9b6aea76d,2025-06-03T20:03:23.000Z
06/03/2025,16:02,execute,Confirmed,base,,,,,,0.29,ETH,0x1231deb6f5749ef6ce6943a275a1d3e7486f4eae,1043.815280877881585,CAD,0.0000004108354726,ETH,0.0014787460145743662891734899,CAD,,,,,0xc9c13ca4eaf2d2aa47bb66656f712f839d5d3285f59593cf60de80d68ce97ecd,https://basescan.org/tx/0xc9c13ca4eaf2d2aa47bb66656f712f839d5d3285f59593cf60de80d68ce97ecd,2025-06-03T20:02:47.000Z
06/03/2025,16:01,receive,Confirmed,ethereum,1.831565900000000001,ETH,0xc38e4e6a15593f908255214653d3d947ca1c2338,6590.3840501770503441230838204899154,CAD,,,,,,,,,,,,,,0xcc20d11b201150fae98e23ba9b48f15b517e4537732fd404f4357c7ede8e5b41,https://etherscan.io/tx/0xcc20d11b201150fae98e23ba9b48f15b517e4537732fd404f4357c7ede8e5b41,2025-06-03T20:01:59.000Z
06/03/2025,15:40,receive,Confirmed,base,0.3,ETH,0x52ad60e77d2cab7eddcafc1f169af354f2b1508a,1081.2006775882839,CAD,,,,,,,,,,,,,,0x7c7b9e282ec8e997b2c0dd7d04683b2a5051cb05e51c6d6c49f13c6dcf0e1732,https://basescan.org/tx/0x7c7b9e282ec8e997b2c0dd7d04683b2a5051cb05e51c6d6c49f13c6dcf0e1732,2025-06-03T19:40:31.000Z
05/15/2025,04:16,receive,Confirmed,ethereum,0.00000178,ETH,0xa460535db17651a385b193bc8dca0f194057da8f,0.006198906120159644568,CAD,,,,,,,,,,,,,,0x99345c1215b51ee45b950ed9989fd9bfd3f9d9bbc96f3efb3118f8ab39f48626,https://etherscan.io/tx/0x99345c1215b51ee45b950ed9989fd9bfd3f9d9bbc96f3efb3118f8ab39f48626,2025-05-15T08:16:23.000Z
05/13/2025,02:51,receive,Confirmed,ethereum,0.00000999,ETH,0xa460535db17651a385b193bc8dca0f194057da8f,0.03368998244279263842,CAD,,,,,,,,,,,,,,0x0c6ce2210b61fb31e8174d9805c133c87d91fb4c99d76144c3535d3c92fae2bf,https://etherscan.io/tx/0x0c6ce2210b61fb31e8174d9805c133c87d91fb4c99d76144c3535d3c92fae2bf,2025-05-13T06:51:59.000Z
05/12/2025,16:14,send,Confirmed,ethereum,,,,,,1.78,ETH,0xa4604a6fd640e44a23efa05027e6af3dd999da8f,6000.962908024028786,CAD,0.000109589183592,ETH,0.3694610257619255621215993704,CAD,,,,,0x06bbbeb73ffe686976ba59dd93f170a1b47aa0e42cc18d88d156c95fd48ed02a,https://etherscan.io/tx/0x06bbbeb73ffe686976ba59dd93f170a1b47aa0e42cc18d88d156c95fd48ed02a,2025-05-12T20:14:59.000Z
05/12/2025,13:41,receive,Confirmed,ethereum,0.74222528,ETH,0x312e67b47a2a29ae200184949093d92369f80b53,2538.174752822052843113024,CAD,,,,,,0.007398493927944876,ETH,25.3004997307784295344834951469108,CAD,,,,,0x448217f666c7e4f9e5aa8a17af8fb214ffc6ab9da5424e6f5d13c6f759b9b6b0,https://etherscan.io/tx/0x448217f666c7e4f9e5aa8a17af8fb214ffc6ab9da5424e6f5d13c6f759b9b6b0,2025-05-12T17:41:47.000Z
05/12/2025,13:29,receive,Confirmed,ethereum,1.048180259885446233,ETH,0xc38e4e6a15593f908255214653d3d947ca1c2338,3589.507778697177041557993695382737,CAD,,,,,,,,,,,,,,0xef6c9255bd75573d0ba5fd26778aa8f101da758fe2b3bc8562210070fb230c8e,https://etherscan.io/tx/0xef6c9255bd75573d0ba5fd26778aa8f101da758fe2b3bc8562210070fb230c8e,2025-05-12T17:29:35.000Z
05/08/2025,16:20,send,Confirmed,ethereum,,,,,,1.5294,ETH,0xa4604a6fd640e44a23efa05027e6af3dd999da8f,4446.5857646962407018,CAD,0.000155566436781,ETH,0.452294692856618458745213007,CAD,,,,,0xf0d70c2a2d169331e53aa76b4283ff513d97bdc65695fe9729a54ed3989f01e7,https://etherscan.io/tx/0xf0d70c2a2d169331e53aa76b4283ff513d97bdc65695fe9729a54ed3989f01e7,2025-05-08T20:20:35.000Z
05/08/2025,16:19,receive,Confirmed,ethereum,0.74657966,ETH,0x312e67b47a2a29ae200184949093d92369f80b53,2170.60970862283208214202,CAD,,,,,,0.00439072849941552,ETH,12.76562759392385082025866518544,CAD,,,,,0x1d4bbf84fcc5f7c046aa4b642631d75107f86b2f5bfbc3985bdac5e4a584ec52,https://etherscan.io/tx/0x1d4bbf84fcc5f7c046aa4b642631d75107f86b2f5bfbc3985bdac5e4a584ec52,2025-05-08T20:19:35.000Z
05/08/2025,16:18,receive,Confirmed,ethereum,0.709338876638099857,ETH,0xb8901acb165ed027e32754e0ffe830802919727f,2062.335655292662221414391275700379,CAD,,,,,,,,,,,,,,0xb3329dfc37f23d66969c42ef045d378006c90073161dfb499150eebdb91167e3,https://etherscan.io/tx/0xb3329dfc37f23d66969c42ef045d378006c90073161dfb499150eebdb91167e3,2025-05-08T20:18:35.000Z
05/08/2025,16:18,execute,Confirmed,base,,,,,,0.712294741402034521,ETH,0x10541b07d8ad2647dc6cd67abd4c03575dade261,2070.929552364506795055159588628787,CAD,0.000003210366561961,ETH,0.009333836964739502021275650467,CAD,,,,,0x7ef455b870c16f44b59d2d8e468969b84ece50da603adf9e7f2194e6e0179138,https://basescan.org/tx/0x7ef455b870c16f44b59d2d8e468969b84ece50da603adf9e7f2194e6e0179138,2025-05-08T20:18:13.000Z
05/08/2025,16:16,receive,Confirmed,base,0.1935,ETH,0x862f26238d773fde4e29156f3bb7cf58ea4cd1af,562.5829380598421445,CAD,,,,,,,,,,,,,,0x0719112dfe785bf352ba17f1162849d036ae9fa32b3cc4de005eba8b192f30a5,https://basescan.org/tx/0x0719112dfe785bf352ba17f1162849d036ae9fa32b3cc4de005eba8b192f30a5,2025-05-08T20:16:57.000Z
05/08/2025,16:14,receive,Confirmed,base,0.000000519705998324,ETH,0x52adb94b606b988e03e6894480cdd70c67c2508a,0.0015125082518906188411866767912,CAD,,,,,,,,,,,,,,0x2e04c8d1802aa4f756a07c09b1ae8278c33fa1a81f2ccb834831abc9afc508f1,https://basescan.org/tx/0x2e04c8d1802aa4f756a07c09b1ae8278c33fa1a81f2ccb834831abc9afc508f1,2025-05-08T20:14:25.000Z
05/08/2025,16:14,receive,Confirmed,base,0.51970599832424962,ETH,0x52ad60e77d2cab7eddcafc1f169af354f2b1508a,1512.508251891345314059906087784356,CAD,,,,,,,,,,,,,,0xef82aa579e823412dd0012448f5260c10fd1121346a108855a560790e18503ed,https://basescan.org/tx/0xef82aa579e823412dd0012448f5260c10fd1121346a108855a560790e18503ed,2025-05-08T20:14:17.000Z
05/08/2025,16:07,receive,Confirmed,ethereum,0.076557502658827749,ETH,0xb8901acb165ed027e32754e0ffe830802919727f,221.4341291467627349583479038880076,CAD,,,,,,,,,,,,,,0x6e0d78f0aefd8516ab21f0c3c9c1b52577479746342fc7817c6bd997632b2624,https://etherscan.io/tx/0x6e0d78f0aefd8516ab21f0c3c9c1b52577479746342fc7817c6bd997632b2624,2025-05-08T20:07:59.000Z
05/08/2025,16:06,execute,Confirmed,base,,,,,,0.0784,ETH,0x10541b07d8ad2647dc6cd67abd4c03575dade261,226.76334940641364416,CAD,0.00000320162739763,ETH,0.009260353982626511744685021012,CAD,,,,,0xde91f41c2e7e578d497b8e508b84a05ed01a3051e390c36121f6de00840535e6,https://basescan.org/tx/0xde91f41c2e7e578d497b8e508b84a05ed01a3051e390c36121f6de00840535e6,2025-05-08T20:06:47.000Z
05/08/2025,16:05,receive,Confirmed,base,0.057385910752907215,ETH,0x10541b07d8ad2647dc6cd67abd4c03575dade261,166.772428566688720570830221608974,CAD,,,,,,,,,,,,,,0x3b90bf7efed23caf5e4d8b01d7687a6161fbbe43df4a5ca08e35526c63c54105,https://basescan.org/tx/0x3b90bf7efed23caf5e4d8b01d7687a6161fbbe43df4a5ca08e35526c63c54105,2025-05-08T20:05:37.000Z
05/08/2025,16:05,execute,Confirmed,arbitrum,,,,,,0.05752,ETH,0x33ceb27b39d2bb7d2e61f7564d3df29344020417,167.162112882733311072,CAD,0.000047107711972,ETH,0.1369023759789769024699174992,CAD,,,,,0xcabc2a131f248d014b32d065a2645a20518dec4a73fd1ee7ef1e9db24869f186,https://arbiscan.io/tx/0xcabc2a131f248d014b32d065a2645a20518dec4a73fd1ee7ef1e9db24869f186,2025-05-08T20:05:00.000Z
05/08/2025,16:02,receive,Confirmed,base,0.019,ETH,0x862f26238d773fde4e29156f3bb7cf58ea4cd1af,55.2169705280238684,CAD,,,,,,,,,,,,,,0x8a15b39db66f8b90404d9b42e61418a1a917e8d4c3d2d678484d5110070d78ee,https://basescan.org/tx/0x8a15b39db66f8b90404d9b42e61418a1a917e8d4c3d2d678484d5110070d78ee,2025-05-08T20:02:03.000Z
05/08/2025,16:01,receive,Confirmed,arbitrum,0.0548,ETH,0x862f26238d773fde4e29156f3bb7cf58ea4cd1af,157.97193004482833304,CAD,,,,,,,,,,,,,,0xb60b34c16cb3443cb07931af2cfb308e1be31ddeb1bd95c649fefaeb22f9a496,https://arbiscan.io/tx/0xb60b34c16cb3443cb07931af2cfb308e1be31ddeb1bd95c649fefaeb22f9a496,2025-05-08T20:01:22.000Z
05/08/2025,15:55,send,Confirmed,ethereum,,,,,,0.999,ETH,0xa4604a6fd640e44a23efa05027e6af3dd999da8f,2854.99843074552744,CAD,0.000313575493749,ETH,0.89615369626991886803946744,CAD,,,,,0x2489cac7e6b6242f37d4b4512f3f1d74d50ee13753ad613f0797fc514b515e88,https://etherscan.io/tx/0x2489cac7e6b6242f37d4b4512f3f1d74d50ee13753ad613f0797fc514b515e88,2025-05-08T19:55:23.000Z
05/08/2025,15:53,receive,Confirmed,ethereum,0.7523823141507104,ETH,0xc38e4e6a15593f908255214653d3d947ca1c2338,2150.200526747714350305031930624,CAD,,,,,,,,,,,,,,0xa16ba6bee5adb0ece93506dc30e16f82002751e8dcb4cebefb60724157dd4661,https://etherscan.io/tx/0xa16ba6bee5adb0ece93506dc30e16f82002751e8dcb4cebefb60724157dd4661,2025-05-08T19:53:47.000Z
04/28/2025,15:23,receive,Confirmed,ethereum,0.20889819,ETH,0x312e67b47a2a29ae200184949093d92369f80b53,514.69707044476043478567,CAD,,,,,,0.00064542194778637,ETH,1.59023295379627641126799577441,CAD,,,,,0x2300ce9ef0b8a7eb99291f32aa1b768281d8ecbc2f0510b3cbabb931b9498c2c,https://etherscan.io/tx/0x2300ce9ef0b8a7eb99291f32aa1b768281d8ecbc2f0510b3cbabb931b9498c2c,2025-04-28T19:23:47.000Z
04/23/2025,18:26,receive,Confirmed,ethereum,0.000001,ETH,0xa460286833442bbb607e4499ca859f1d1665da8f,0.002462726412666672,CAD,,,,,,,,,,,,,,0x886aec307895fd57e8d129e47b7c1d394456e325d20efb8c65f4d91659079e29,https://etherscan.io/tx/0x886aec307895fd57e8d129e47b7c1d394456e325d20efb8c65f4d91659079e29,2025-04-23T22:26:23.000Z
04/23/2025,18:14,send,Confirmed,ethereum,,,,,,1.5,ETH,0xa4604a6fd640e44a23efa05027e6af3dd999da8f,3693.677853812049,CAD,0.000023776792998,ETH,0.058549209154257329514155268,CAD,,,,,0xf702d4d8646bf3b39fc6068fb227cf88695f65abb55cf2064bfee301a83d8ceb,https://etherscan.io/tx/0xf702d4d8646bf3b39fc6068fb227cf88695f65abb55cf2064bfee301a83d8ceb,2025-04-23T22:14:11.000Z
04/23/2025,18:13,receive,Confirmed,ethereum,0.73821549,ETH,0x312e67b47a2a29ae200184949093d92369f80b53,1817.728946404008075444573,CAD,,,,,,0.000636951679544034,ETH,1.5683841927617101418610676580418,CAD,,,,,0x460b78c112288d48f58faba9e9540677256c2fc7d00ddd7bc569595ecc50f710,https://etherscan.io/tx/0x460b78c112288d48f58faba9e9540677256c2fc7d00ddd7bc569595ecc50f710,2025-04-23T22:13:35.000Z
04/23/2025,18:12,receive,Confirmed,ethereum,0.68806863,ETH,0x312e67b47a2a29ae200184949093d92369f80b53,1694.33590702253122194858,CAD,,,,,,0.000585267615845712,ETH,1.441193354135122841064153722592,CAD,,,,,0x26057412056021a58442942c8b7942e8ff43768c396453a22e08a07d80a4ddff,https://etherscan.io/tx/0x26057412056021a58442942c8b7942e8ff43768c396453a22e08a07d80a4ddff,2025-04-23T22:12:59.000Z
04/23/2025,18:12,receive,Confirmed,ethereum,0.029727074633003598,ETH,0xb8901acb165ed027e32754e0ffe830802919727f,73.1566093806251623436114370483174,CAD,,,,,,,,,,,,,,0x3ed73020ee3d933e1ee3c8a755114ee10f70c9d493293b0a4b009e2435f17453,https://etherscan.io/tx/0x3ed73020ee3d933e1ee3c8a755114ee10f70c9d493293b0a4b009e2435f17453,2025-04-23T22:12:35.000Z
04/23/2025,18:12,execute,Confirmed,arbitrum,,,,,,0.03,ETH,0x33ceb27b39d2bb7d2e61f7564d3df29344020417,73.828262905565439,CAD,0.00000233523,ETH,0.005746865812832119337199,CAD,,,,,0xcb7573fea6d9437feb316c6f480ade67d8915c98d03299b4ec5f6388fddcc7ac,https://arbiscan.io/tx/0xcb7573fea6d9437feb316c6f480ade67d8915c98d03299b4ec5f6388fddcc7ac,2025-04-23T22:12:09.000Z
04/23/2025,18:11,receive,Confirmed,ethereum,0.084678339915687605,ETH,0xb8901acb165ed027e32754e0ffe830802919727f,208.3884913900740157211126336227865,CAD,,,,,,,,,,,,,,0x51d1b1690c3f90d002f302bb5e4d7761af4157079ebf601c459439b47ea38405,https://etherscan.io/tx/0x51d1b1690c3f90d002f302bb5e4d7761af4157079ebf601c459439b47ea38405,2025-04-23T22:11:59.000Z
04/23/2025,18:11,execute,Confirmed,base,,,,,,0.085,ETH,0x10541b07d8ad2647dc6cd67abd4c03575dade261,209.1800782324354105,CAD,0.000000442647164749,ETH,0.0010893290417830770102011169937,CAD,,,,,0x45558d072e212877ae9e7c800ad82651e9acfc26204b68bfd4bbcbc7f2b39a27,https://basescan.org/tx/0x45558d072e212877ae9e7c800ad82651e9acfc26204b68bfd4bbcbc7f2b39a27,2025-04-23T22:11:29.000Z
04/23/2025,18:10,receive,Confirmed,base,0.086,ETH,0x52ad60e77d2cab7eddcafc1f169af354f2b1508a,211.6410203292875918,CAD,,,,,,,,,,,,,,0xd010fcec82b0a2e183c06bcc81a34dec924b07f92de47d8de5760eb56c0e8ad1,https://basescan.org/tx/0xd010fcec82b0a2e183c06bcc81a34dec924b07f92de47d8de5760eb56c0e8ad1,2025-04-23T22:10:39.000Z
04/23/2025,18:09,receive,Confirmed,arbitrum,0.03,ETH,0x52ad60e77d2cab7eddcafc1f169af354f2b1508a,73.828262905565439,CAD,,,,,,,,,,,,,,0x14d888834d0ae8fb6140f1edf1ea5aea7e4388bb66907e6890ed0197d4cc3152,https://arbiscan.io/tx/0x14d888834d0ae8fb6140f1edf1ea5aea7e4388bb66907e6890ed0197d4cc3152,2025-04-23T22:09:00.000Z
04/22/2025,19:49,send,Confirmed,ethereum,,,,,,0.811,ETH,0xa4604a6fd640e44a23efa05027e6af3dd999da8f,1958.8455776464704495,CAD,0.000026936838768,ETH,0.065061784829189641679972856,CAD,,,,,0x4af61f1f6e353fb49b338f0880bf0ed37442c6935d2dd273d6301114519a94ad,https://etherscan.io/tx/0x4af61f1f6e353fb49b338f0880bf0ed37442c6935d2dd273d6301114519a94ad,2025-04-22T23:49:35.000Z
04/22/2025,19:47,receive,Confirmed,ethereum,0.801091365829738224,ETH,0xc38e4e6a15593f908255214653d3d947ca1c2338,1934.0661534731025819623578652994672,CAD,,,,,,,,,,,,,,0x6200e4d53d162b7b41529135ba5bc9596c5823e3c7c1332f52e34a87d056a6b1,https://etherscan.io/tx/0x6200e4d53d162b7b41529135ba5bc9596c5823e3c7c1332f52e34a87d056a6b1,2025-04-22T23:47:59.000Z
04/19/2025,12:15,receive,Confirmed,ethereum,0.000001,ETH,0xa460286833442bbb607e4499ca859f1d1665da8f,0.002208241801001467,CAD,,,,,,,,,,,,,,0xe2eca82c36023dee1abfa155e67f626927efc6d166c06c0d07e3e3f8893a89b6,https://etherscan.io/tx/0xe2eca82c36023dee1abfa155e67f626927efc6d166c06c0d07e3e3f8893a89b6,2025-04-19T16:15:11.000Z
04/19/2025,12:02,send,Confirmed,ethereum,,,,,,1.8,ETH,0xa4604a6fd640e44a23efa05027e6af3dd999da8f,3967.3493506855377,CAD,0.000017815715064,ETH,0.039267314217310529293794396,CAD,,,,,0x41538c0246bda68194531e27bfa924ca539f260bc8aa886f4d9bcc95b1437f56,https://etherscan.io/tx/0x41538c0246bda68194531e27bfa924ca539f260bc8aa886f4d9bcc95b1437f56,2025-04-19T16:02:23.000Z
04/19/2025,11:43,receive,Confirmed,ethereum,0.391161046471,ETH,0xc38e4e6a15593f908255214653d3d947ca1c2338,862.8493569135629200363839396,CAD,,,,,,,,,,,,,,0x2be579362dad4b940a3b865e11c4d4b3390207aa642906462ff7c3aa056f69fd,https://etherscan.io/tx/0x2be579362dad4b940a3b865e11c4d4b3390207aa642906462ff7c3aa056f69fd,2025-04-19T15:43:47.000Z
04/19/2025,11:40,receive,Confirmed,ethereum,0.339440602471158745,ETH,0xb8901acb165ed027e32754e0ffe830802919727f,748.760921351880436767069386368662,CAD,,,,,,,,,,,,,,0xcdc1735136f2456b5cbbf959c7f16a986c169f9e7df941e86a4bea6b1e676178,https://etherscan.io/tx/0xcdc1735136f2456b5cbbf959c7f16a986c169f9e7df941e86a4bea6b1e676178,2025-04-19T15:40:47.000Z
04/19/2025,11:40,execute,Confirmed,arbitrum,,,,,,0.34,ETH,0x33ceb27b39d2bb7d2e61f7564d3df29344020417,751.432213078076764,CAD,0.00000240194,ETH,0.005308514970237516772124,CAD,,,,,0x3c93589357ee468b4abf93c77da76d0b139502738f8379918abe661afd061be1,https://arbiscan.io/tx/0x3c93589357ee468b4abf93c77da76d0b139502738f8379918abe661afd061be1,2025-04-19T15:40:22.000Z
04/19/2025,11:39,trade,Confirmed,arbitrum,0.167896364730620288,ETH,0xa51afafe0263b40edaef0df8781ea9aa03e381a3,371.0668732861586962354938464699648,CAD,270.284692,USDC,0xc6962004f452be9203591991d15f6b388e09e8d0,371.136523115815989685856,CAD,0.00000171136,ETH,0.003782267741686168973056,CAD,,,,,0x216a87de6a803c85f18b3f67e7750f1fd3c7927f7ed616bf66c30562b691c104,https://arbiscan.io/tx/0x216a87de6a803c85f18b3f67e7750f1fd3c7927f7ed616bf66c30562b691c104,2025-04-19T15:39:49.000Z
04/19/2025,11:39,receive,Confirmed,ethereum,1.07017996868418177,ETH,0xb8901acb165ed027e32754e0ffe830802919727f,2361.159714781724383340940024937179,CAD,,,,,,,,,,,,,,0xdfd34275a81d7168368cc392fc910146f6726d3872397a51051564dbce7043aa,https://etherscan.io/tx/0xdfd34275a81d7168368cc392fc910146f6726d3872397a51051564dbce7043aa,2025-04-19T15:39:35.000Z
04/19/2025,11:38,execute,Confirmed,base,,,,,,1.071,ETH,0x10541b07d8ad2647dc6cd67abd4c03575dade261,2367.0114711959418066,CAD,0.000000519431414448,ETH,0.0011479926391204009923060079008,CAD,,,,,0xa5b3d8d8d0406fb72eda9d215890b8a25525fe00fda07076c3021b81afc147e1,https://basescan.org/tx/0xa5b3d8d8d0406fb72eda9d215890b8a25525fe00fda07076c3021b81afc147e1,2025-04-19T15:38:47.000Z
04/19/2025,11:37,trade,Confirmed,base,0.361109672542302759,ETH,0x6cb442acf35158d5eda88fe602221b67b400be3e,798.0865894187122735075832927382114,CAD,579.968623,USDC,0xb2cc224c1c9fee385f8ad6a55b4d94e92359dc59,796.373396746003910053064,CAD,0.000000643693331314,ETH,0.0014226232485084667947040499644,CAD,,,,,0x03f5cb3c152bf22c59f7c721507bc8725dd7e92aefad2c6970c47f9477992884,https://basescan.org/tx/0x03f5cb3c152bf22c59f7c721507bc8725dd7e92aefad2c6970c47f9477992884,2025-04-19T15:37:31.000Z
04/19/2025,11:37,approve,Confirmed,base,,,,,,,,,,,0.000000182372326548,ETH,0.0004030601204181215641882915608,CAD,,,,,0x1de4c4e08544568a1967ec845e19ed02b02dca891723c6de9d8a34705598c738,https://basescan.org/tx/0x1de4c4e08544568a1967ec845e19ed02b02dca891723c6de9d8a34705598c738,2025-04-19T15:37:21.000Z
04/19/2025,11:17,receive,Confirmed,arbitrum,270.284692,USDC,0x52ad60e77d2cab7eddcafc1f169af354f2b1508a,370.934889863556379345496,CAD,,,,,,,,,,,,,,0xb6a480cd0c6a6aa93fb20844bb8a5ad9634619a1937cd4f1ca33cca385bcf144,https://arbiscan.io/tx/0xb6a480cd0c6a6aa93fb20844bb8a5ad9634619a1937cd4f1ca33cca385bcf144,2025-04-19T15:17:03.000Z
04/19/2025,11:16,receive,Confirmed,arbitrum,0.168,ETH,0x52ad60e77d2cab7eddcafc1f169af354f2b1508a,370.468104316470048,CAD,,,,,,,,,,,,,,0x8cc239f599885852eb5ba39b8f2f0818fbf9fb31a4218b021416c362198f5db6,https://arbiscan.io/tx/0x8cc239f599885852eb5ba39b8f2f0818fbf9fb31a4218b021416c362198f5db6,2025-04-19T15:16:25.000Z
04/19/2025,10:41,receive,Confirmed,base,0.71,ETH,0x862f26238d773fde4e29156f3bb7cf58ea4cd1af,1564.40190996631695,CAD,,,,,,,,,,,,,,0x1b520783d16e3e54d69a2fcde3da5c440b43e7d5acddbb93fb83cac9ec5aeca3,https://basescan.org/tx/0x1b520783d16e3e54d69a2fcde3da5c440b43e7d5acddbb93fb83cac9ec5aeca3,2025-04-19T14:41:35.000Z
04/14/2025,16:21,send,Confirmed,ethereum,,,,,,2.485782751905807937,ETH,0xa4604a6fd640e44a23efa05027e6af3dd999da8f,5572.2199998143238059775764566135608,CAD,0.000024611102439,ETH,0.0551691321870075388402423176,CAD,,,,,0xa8c8f9374a2d84e18714c36c09b30ff3463db86fd704249de71e4f5a8da77464,https://etherscan.io/tx/0xa8c8f9374a2d84e18714c36c09b30ff3463db86fd704249de71e4f5a8da77464,2025-04-14T20:21:35.000Z
04/14/2025,16:20,trade,Confirmed,ethereum,2.472866365372979656,ETH,0x66a9893cc07d91d95644aedd05d03f95e1dba8af,5545.947529398708108216138252701328,CAD,4048.792324,USDC,0x000000000004444c5dc75cb358380d2e3de08a90,5556.1500446422064268500192,CAD,0.00069098260412792,ETH,1.54968069438832135132744486896,CAD,,,,,0x31e4fd5d61c0c81e676ba969d66b1be84151056c77d71ead42fa540156223c65,https://etherscan.io/tx/0x31e4fd5d61c0c81e676ba969d66b1be84151056c77d71ead42fa540156223c65,2025-04-14T20:20:35.000Z
04/14/2025,16:19,mint,Confirmed,ethereum,4048.792324,USDC,0x0000000000000000000000000000000000000000,5558.351808589111007485616,CAD,,,,,,,,,,,,,,0x69fb343184247c3e44ecb05c0b08c59abb1832c55a1976284f326dbc8f40b3d5,https://etherscan.io/tx/0x69fb343184247c3e44ecb05c0b08c59abb1832c55a1976284f326dbc8f40b3d5,2025-04-14T20:19:11.000Z
04/07/2025,13:56,receive,Confirmed,base,98.567306,USDC,0x52ad60e77d2cab7eddcafc1f169af354f2b1508a,135.2892488219250939816502,CAD,,,,,,,,,,,,,,0xd05c0e4582d8db745eee4bddfdea096fd7c4d04752102c255d4c9aa9d89023ce,https://basescan.org/tx/0xd05c0e4582d8db745eee4bddfdea096fd7c4d04752102c255d4c9aa9d89023ce,2025-04-07T17:56:23.000Z
04/07/2025,13:39,receive,Confirmed,base,481.401317,USDC,0x52ad60e77d2cab7eddcafc1f169af354f2b1508a,664.3163404752596369919151,CAD,,,,,,,,,,,,,,0xbe8e71baea96395fd525fcea235256b5306882b5f99aaf00a7b096f7c0016896,https://basescan.org/tx/0xbe8e71baea96395fd525fcea235256b5306882b5f99aaf00a7b096f7c0016896,2025-04-07T17:39:13.000Z
04/03/2025,17:14,receive,Confirmed,ethereum,0.000001,ETH,0xa460535db17651a385b193bc8dca0f194057da8f,0.0024767264290572934,CAD,,,,,,,,,,,,,,0x9064fc14fad94a9b88fe70ea29949bc0e8fe697f59990d0d82e671cf1306349a,https://etherscan.io/tx/0x9064fc14fad94a9b88fe70ea29949bc0e8fe697f59990d0d82e671cf1306349a,2025-04-03T21:14:47.000Z
04/03/2025,17:02,send,Confirmed,ethereum,,,,,,2.1,ETH,0xa4604a6fd640e44a23efa05027e6af3dd999da8f,5183.62959818391912,CAD,0.000021292857054,ETH,0.0525591828833398322969797488,CAD,,,,,0x8196d2d1433ccd21f5a9c5dce1ed7ae7f03d9383ca14015fd54d56757d9f1e5b,https://etherscan.io/tx/0x8196d2d1433ccd21f5a9c5dce1ed7ae7f03d9383ca14015fd54d56757d9f1e5b,2025-04-03T21:02:47.000Z
04/03/2025,17:00,receive,Confirmed,ethereum,0.02418891,ETH,0x312e67b47a2a29ae200184949093d92369f80b53,59.68222124263105613838,CAD,,,,,,0.000628575865527852,ETH,1.550909233785712991425039674936,CAD,,,,,0x3fd4cd8c5a79c15a13ced123fd20c67c95c107448023e295d73c4dd7ebf03e1a,https://etherscan.io/tx/0x3fd4cd8c5a79c15a13ced123fd20c67c95c107448023e295d73c4dd7ebf03e1a,2025-04-03T21:00:47.000Z
04/03/2025,17:00,receive,Confirmed,ethereum,0.71055734,ETH,0x312e67b47a2a29ae200184949093d92369f80b53,1753.18525603077682504412,CAD,,,,,,0.000649215179249504,ETH,1.601833400597351284979721678272,CAD,,,,,0x1460f0d5556aec6a5050b8ce1ebb05a420b62bfb138d352ae28b9ff39ab4db6c,https://etherscan.io/tx/0x1460f0d5556aec6a5050b8ce1ebb05a420b62bfb138d352ae28b9ff39ab4db6c,2025-04-03T21:00:35.000Z
04/03/2025,16:59,trade,Confirmed,ethereum,0.98955403200620474,ETH,0x00000011f84b9aa48e5f8aa8b9897600006289be,2440.056830647369255384578749861476,CAD,1784.941393,USDC,0x22863c875e6b7519141cb8394f2220fac7e6ade6,2447.582192783785776993874,CAD,,,,,,,,,0xf3d8ca091d67e8cc771d47bdb5ab49e788e84421e6565eca50d6876eef020a07,https://etherscan.io/tx/0xf3d8ca091d67e8cc771d47bdb5ab49e788e84421e6565eca50d6876eef020a07,2025-04-03T20:59:11.000Z
04/03/2025,16:58,receive,Confirmed,ethereum,0.399411214949612504,ETH,0xb8901acb165ed027e32754e0ffe830802919727f,985.6305585430579759751321405101752,CAD,,,,,,,,,,,,,,0xe6119a70e39c308cdf0f93046aea3dd12ce400ec7a97252078c2877d28ffe870,https://etherscan.io/tx/0xe6119a70e39c308cdf0f93046aea3dd12ce400ec7a97252078c2877d28ffe870,2025-04-03T20:58:59.000Z
04/03/2025,16:58,execute,Confirmed,arbitrum,,,,,,0.4,ETH,0x33ceb27b39d2bb7d2e61f7564d3df29344020417,986.32586063054696,CAD,0.00000248372896,ETH,0.006124415260112533362979904,CAD,,,,,0xd5c861c96c30420c4d42935caf51fbb45ece4d544c49458f15d953cea4325fbb,https://arbiscan.io/tx/0xd5c861c96c30420c4d42935caf51fbb45ece4d544c49458f15d953cea4325fbb,2025-04-03T20:58:28.000Z
04/03/2025,16:55,trade,Confirmed,arbitrum,0.105997453364907592,ETH,0xa51afafe0263b40edaef0df8781ea9aa03e381a3,261.3700735369718662172834320413008,CAD,191.435001,USDC,0x360e68faccca8ca495c1b759fd9eee466db9fb32,263.2113052098916837499826,CAD,0.00000461408168,ETH,0.011377470210114099941289232,CAD,,,,,0x1c1de88972af6e0df1a8e85db50a7571fae628e56a93a9f832b228be53f9d5f7,https://arbiscan.io/tx/0x1c1de88972af6e0df1a8e85db50a7571fae628e56a93a9f832b228be53f9d5f7,2025-04-03T20:55:55.000Z
04/03/2025,16:53,receive,Confirmed,ethereum,1784.941393,USDC,0xc38e4e6a15593f908255214653d3d947ca1c2338,2447.4904186896600158435819,CAD,,,,,,,,,,,,,,0x03a58a60931ddce2b41d862a72994d3135d8181fa090d38c7a78aeaccd7b87b3,https://etherscan.io/tx/0x03a58a60931ddce2b41d862a72994d3135d8181fa090d38c7a78aeaccd7b87b3,2025-04-03T20:53:59.000Z
04/03/2025,14:30,receive,Confirmed,arbitrum,0.0000003,ETH,0x52a2be04dff8ee6859bf3aa9d4f97a07decf508a,0.00073061144360396961,CAD,,,,,,,,,,,,,,0xc2a9de63ee0feb492d05d2e41b2d61dc4b49dc8ecc3ccd9794d7045cb38df2a9,https://arbiscan.io/tx/0xc2a9de63ee0feb492d05d2e41b2d61dc4b49dc8ecc3ccd9794d7045cb38df2a9,2025-04-03T18:30:17.000Z
04/03/2025,14:30,receive,Confirmed,arbitrum,0.3,ETH,0x52ad60e77d2cab7eddcafc1f169af354f2b1508a,730.61144360396961,CAD,,,,,,,,,,,,,,0xe53211617ffccbcd08ab1a81ced9c81c17da88aafa11a3b0ff3ff2eb98f5f39c,https://arbiscan.io/tx/0xe53211617ffccbcd08ab1a81ced9c81c17da88aafa11a3b0ff3ff2eb98f5f39c,2025-04-03T18:30:00.000Z
04/03/2025,14:29,receive,Confirmed,arbitrum,191.435001,USDC,0x52ad60e77d2cab7eddcafc1f169af354f2b1508a,262.8661959733946530995873,CAD,,,,,,,,,,,,,,0x92ba86ade022e28dafb278954a99af32bb9bdc0eb99d14be6cb8ab561e5709cd,https://arbiscan.io/tx/0x92ba86ade022e28dafb278954a99af32bb9bdc0eb99d14be6cb8ab561e5709cd,2025-04-03T18:29:03.000Z
03/20/2025,18:06,send,Confirmed,ethereum,,,,,,0.887,ETH,0xa4604a6fd640e44a23efa05027e6af3dd999da8f,2407.061674947754914,CAD,0.000019905314562,ETH,0.054017271488128135827340764,CAD,,,,,0x71ff97193620709e5c93ddd76315281cc8ca3be1e4c7b53a33bc7f9501c42de5,https://etherscan.io/tx/0x71ff97193620709e5c93ddd76315281cc8ca3be1e4c7b53a33bc7f9501c42de5,2025-03-20T22:06:23.000Z
03/20/2025,17:33,receive,Confirmed,ethereum,0.432936993970151431,ETH,0xb8901acb165ed027e32754e0ffe830802919727f,1174.402393808865203256540415899137,CAD,,,,,,,,,,,,,,0xb66a97dadef871f46a0846b099ad1079d86e69c6a4bbe2691ea689990631d17f,https://etherscan.io/tx/0xb66a97dadef871f46a0846b099ad1079d86e69c6a4bbe2691ea689990631d17f,2025-03-20T21:33:47.000Z
03/20/2025,17:33,execute,Confirmed,arbitrum,,,,,,0.433398545112445708,ETH,0x33ceb27b39d2bb7d2e61f7564d3df29344020417,1175.654416098309440842820751348116,CAD,0.00000237461,ETH,0.00644146309325263586947,CAD,,,,,0x1c74fffab759ad90aa8ee58499034613457bef24f12bd2daee074814adf3da97,https://arbiscan.io/tx/0x1c74fffab759ad90aa8ee58499034613457bef24f12bd2daee074814adf3da97,2025-03-20T21:33:17.000Z
03/20/2025,17:33,trade,Confirmed,arbitrum,0.357025326872876634,ETH,0xa51afafe0263b40edaef0df8781ea9aa03e381a3,968.481336475502648658267718316118,CAD,708.856554,USDC,0xc6962004f452be9203591991d15f6b388e09e8d0,971.704615531884607703253,CAD,0.00000185928,ETH,0.00504355810007654344056,CAD,,,,,0x65c733ffbef6009a814ba3c2e0c122673ee8ef379bf458f622e9004275653321,https://arbiscan.io/tx/0x65c733ffbef6009a814ba3c2e0c122673ee8ef379bf458f622e9004275653321,2025-03-20T21:33:03.000Z
03/20/2025,17:32,receive,Confirmed,ethereum,0.276643167756074414,ETH,0xb8901acb165ed027e32754e0ffe830802919727f,750.433441744644784432640909646178,CAD,,,,,,,,,,,,,,0x1cfed5576423f39727625dfdef0cd8016a6a889f460f7f7e278b6a73d03452a4,https://etherscan.io/tx/0x1cfed5576423f39727625dfdef0cd8016a6a889f460f7f7e278b6a73d03452a4,2025-03-20T21:32:23.000Z
03/20/2025,17:31,execute,Confirmed,base,,,,,,0.277047918175932841,ETH,0x10541b07d8ad2647dc6cd67abd4c03575dade261,751.531384097913980755310313152207,CAD,0.000000594254008036,ETH,0.001611997448331030903329054972,CAD,,,,,0x9dd3f4778713977126ef125c3f685d5e73922a470eb99cdb81052b025191c543,https://basescan.org/tx/0x9dd3f4778713977126ef125c3f685d5e73922a470eb99cdb81052b025191c543,2025-03-20T21:31:47.000Z
03/20/2025,17:31,receive,Confirmed,base,0.000000268018057475,ETH,0x52a2be04dff8ee6859bf3aa9d4f97a07decf508a,0.000727036618876563412585164325,CAD,,,,,,,,,,,,,,0x61a48d73acfdc10dbd5bf0760d766d33c7256bb56f110770e3da86b5b2397fb7,https://basescan.org/tx/0x61a48d73acfdc10dbd5bf0760d766d33c7256bb56f110770e3da86b5b2397fb7,2025-03-20T21:31:01.000Z
03/20/2025,17:30,receive,Confirmed,base,0.268018057475766515,ETH,0x52ad60e77d2cab7eddcafc1f169af354f2b1508a,726.79750444938124218361258572723,CAD,,,,,,,,,,,,,,0xa5e4eb87a9a3cbb50f13827c6feb402c965b71c3d7504f0b1638d3e7903e0e25,https://basescan.org/tx/0xa5e4eb87a9a3cbb50f13827c6feb402c965b71c3d7504f0b1638d3e7903e0e25,2025-03-20T21:30:39.000Z
03/20/2025,17:30,receive,Confirmed,arbitrum,0.067344268306159073,ETH,0x52ad60e77d2cab7eddcafc1f169af354f2b1508a,182.620703264784721089095496032586,CAD,,,,,,,,,,,,,,0x70de2d027dd2744f42412edb7f7a5946a6e956643a3f3cb80f16c89708320c19,https://arbiscan.io/tx/0x70de2d027dd2744f42412edb7f7a5946a6e956643a3f3cb80f16c89708320c19,2025-03-20T21:30:02.000Z
03/20/2025,17:29,receive,Confirmed,arbitrum,53.702978,USDC,0x52ad60e77d2cab7eddcafc1f169af354f2b1508a,73.7042718512749108523784,CAD,,,,,,,,,,,,,,0xd685419857144f1295eb36b675746e611e4fb0e1610c2b6b2fa588e94219f198,https://arbiscan.io/tx/0xd685419857144f1295eb36b675746e611e4fb0e1610c2b6b2fa588e94219f198,2025-03-20T21:29:26.000Z
03/20/2025,17:27,receive,Confirmed,arbitrum,655.153576,USDC,0xc38e4e6a15593f908255214653d3d947ca1c2338,898.946984109487404262864,CAD,,,,,,,,,,,,,,0xd976b33b35575951265d707263837285ee49a0fb582098378e9d5425f3396d18,https://arbiscan.io/tx/0xd976b33b35575951265d707263837285ee49a0fb582098378e9d5425f3396d18,2025-03-20T21:27:42.000Z
03/20/2025,17:25,receive,Confirmed,ethereum,0.16386958,ETH,0x312e67b47a2a29ae200184949093d92369f80b53,443.999684506535195217452,CAD,,,,,,0.000527460525335752,ETH,1.4291383845538946403158714750288,CAD,,,,,0x966634c92fc0577d48ba39a68e4f02bbe1304dbabb090b89d22f9a9250647c19,https://etherscan.io/tx/0x966634c92fc0577d48ba39a68e4f02bbe1304dbabb090b89d22f9a9250647c19,2025-03-20T21:25:11.000Z
03/14/2025,11:58,receive,Confirmed,arbitrum,0.000000000000000001,ETH,0x862fefd3d9d6a0afe762f9e164ba910eaa44d1af,0.000000000000002640554071840093,CAD,,,,,,,,,,,,,,0x8128552ac117780be2038e668d67b13fcb024a5bb483301fa70d5d0582773864,https://arbiscan.io/tx/0x8128552ac117780be2038e668d67b13fcb024a5bb483301fa70d5d0582773864,2025-03-14T15:58:12.000Z
03/14/2025,11:28,send,Confirmed,ethereum,,,,,,2.01,ETH,0xa4604a6fd640e44a23efa05027e6af3dd999da8f,5354.524092377540895,CAD,0.000052734698856,ETH,0.140482196780460867739129212,CAD,,,,,0x4753e246b2c4414c202c904e93b14a434a73585a6e8fd5686cb2cfe3b90adecd,https://etherscan.io/tx/0x4753e246b2c4414c202c904e93b14a434a73585a6e8fd5686cb2cfe3b90adecd,2025-03-14T15:28:59.000Z
03/14/2025,11:25,receive,Confirmed,ethereum,1.557369039862953028,ETH,0xb8901acb165ed027e32754e0ffe830802919727f,4152.011794568401275412122349492924,CAD,,,,,,,,,,,,,,0xd6c13fd020331cdd38788af41341eb8ba2e617969fa00f36797e06c48f2adaa9,https://etherscan.io/tx/0xd6c13fd020331cdd38788af41341eb8ba2e617969fa00f36797e06c48f2adaa9,2025-03-14T15:25:35.000Z
03/14/2025,11:25,execute,Confirmed,arbitrum,,,,,,1.560557536644712965,ETH,0x33ceb27b39d2bb7d2e61f7564d3df29344020417,4160.512461979881112501229478161595,CAD,0.00001778793072,ETH,0.04742337638669433439103376,CAD,,,,,0xde9ed4d0fcf36ca4ff806175c07ffb6e830704a257cafa73d68f698ef9b6f29b,https://arbiscan.io/tx/0xde9ed4d0fcf36ca4ff806175c07ffb6e830704a257cafa73d68f698ef9b6f29b,2025-03-14T15:25:01.000Z
03/14/2025,11:23,send,Confirmed,arbitrum,,,,,,2,ETH,0x862f26238d773fde4e29156f3bb7cf58ea4cd1af,5332.084673949566,CAD,0.0000020353104,ETH,0.0054262236952850803776432,CAD,,,,,0xdbac8fe6536cffd2dfdf1e6fc0eb43da8113a4f2cb8ea9cce4a546cd7da7be1f,https://arbiscan.io/tx/0xdbac8fe6536cffd2dfdf1e6fc0eb43da8113a4f2cb8ea9cce4a546cd7da7be1f,2025-03-14T15:23:58.000Z
03/14/2025,11:22,receive,Confirmed,arbitrum,2.001426974132069873,ETH,0x33ceb27b39d2bb7d2e61f7564d3df29344020417,5335.889047399432126853524795012559,CAD,,,,,,,,,,,,,,0x8b44b75bfcf19de7067090df8ec2d898c27bf23cc753460c05546d50ea9922e4,https://arbiscan.io/tx/0x8b44b75bfcf19de7067090df8ec2d898c27bf23cc753460c05546d50ea9922e4,2025-03-14T15:22:02.000Z
03/14/2025,11:21,trade,Confirmed,arbitrum,1.565194111997258892,ETH,0x35db01d1425685789dcc9228d47c7a5c049388d8,4172.873768168342334099475726520436,CAD,3036.196024,USDC,0x6666669c4bdd1642dc2ade1c1016539fd723e7cb,4185.0841256488728827164504,CAD,,,,,,,,,0xf449f42b7e495e43b46f353b4e5ee8e001639de1a32cf5382ebf099612caa2c6,https://arbiscan.io/tx/0xf449f42b7e495e43b46f353b4e5ee8e001639de1a32cf5382ebf099612caa2c6,2025-03-14T15:21:45.000Z
03/14/2025,11:21,approve,Confirmed,arbitrum,,,,,,,,,,,0.000006225613226,ETH,0.016597748434146157873279958,CAD,,,,,0xf63d4836143222c05dda35431b3a6133177d0ec31e9923b6a9b93db3835de57c,https://arbiscan.io/tx/0xf63d4836143222c05dda35431b3a6133177d0ec31e9923b6a9b93db3835de57c,2025-03-14T15:21:30.000Z
03/14/2025,11:20,receive,Confirmed,arbitrum,784.785477,USDC,0x862f26238d773fde4e29156f3bb7cf58ea4cd1af,1074.4171476473856681587502,CAD,,,,,,,,,,,,,,0x8e3715aee0298e0f6bed275c15796cbcb4d65aa5007a3b7b4dbd936fc8359f9e,https://arbiscan.io/tx/0x8e3715aee0298e0f6bed275c15796cbcb4d65aa5007a3b7b4dbd936fc8359f9e,2025-03-14T15:20:49.000Z
03/14/2025,11:06,execute,Confirmed,ethereum,,,,,,2,ETH,0xb8901acb165ed027e32754e0ffe830802919727f,5301.0650297899546,CAD,0.000264865227171033,ETH,0.7020338966818675713443797525509,CAD,,,,,0x16b2e43575525084dd5bbe3d5098d1cb4f8043052af51750e147b6aa2aafe5cb,https://etherscan.io/tx/0x16b2e43575525084dd5bbe3d5098d1cb4f8043052af51750e147b6aa2aafe5cb,2025-03-14T15:06:59.000Z
03/14/2025,11:05,send,Confirmed,arbitrum,,,,,,0.004968265778329422,ETH,0x862f26238d773fde4e29156f3bb7cf58ea4cd1af,13.086651440457213865797941166948,CAD,0.0000012122803,ETH,0.0031932047201322230626202,CAD,,,,,0x6753e5382d770a708f393221b187b0ed57d87243af726fd2cfc1b10a659e08e9,https://arbiscan.io/tx/0x6753e5382d770a708f393221b187b0ed57d87243af726fd2cfc1b10a659e08e9,2025-03-14T15:05:58.000Z
03/14/2025,11:02,receive,Confirmed,ethereum,0.46651899,ETH,0x312e67b47a2a29ae200184949093d92369f80b53,1228.83349741748452864266,CAD,,,,,,0.000676654385015044,ETH,1.782340252603465623362647304696,CAD,,,,,0xd80573263412dbf912e2dce09c886c48c48fd47b0a1ea738360947de23baf439,https://etherscan.io/tx/0xd80573263412dbf912e2dce09c886c48c48fd47b0a1ea738360947de23baf439,2025-03-14T15:02:11.000Z
03/14/2025,10:54,receive,Confirmed,arbitrum,2251.410547,USDC,0xc38e4e6a15593f908255214653d3d947ca1c2338,3091.2555864116269901305729,CAD,,,,,,,,,,,,,,0xda4c13c23b3e0c47fc57cfc6228837d8adc00ceb9d7bd4fc32047e3e0359cb2c,https://arbiscan.io/tx/0xda4c13c23b3e0c47fc57cfc6228837d8adc00ceb9d7bd4fc32047e3e0359cb2c,2025-03-14T14:54:48.000Z
03/10/2025,15:31,receive,Confirmed,ethereum,1.99808344,ETH,0x2fc617e933a52713247ce25730f6695920b3befe,5124.745256094215430614064,CAD,,,,,,,,,,,,,,0x034930007f26481d0cdf6a93b9e9346804224274519ae0897ea1a4a2cd39f599,https://etherscan.io/tx/0x034930007f26481d0cdf6a93b9e9346804224274519ae0897ea1a4a2cd39f599,2025-03-10T19:31:35.000Z
03/07/2025,12:22,send,Confirmed,ethereum,,,,,,1.98,ETH,0xa4604a6fd640e44a23efa05027e6af3dd999da8f,5836.425656567311674,CAD,0.000034822261152,ETH,0.1026452214177878742316193376,CAD,,,,,0x20a1dd1c67747075b6abfe1e408d87dbae38c88df54b70b09eeda6089d9e997a,https://etherscan.io/tx/0x20a1dd1c67747075b6abfe1e408d87dbae38c88df54b70b09eeda6089d9e997a,2025-03-07T17:22:35.000Z
03/07/2025,12:16,receive,Confirmed,ethereum,0.599165862139264284,ETH,0xb8901acb165ed027e32754e0ffe830802919727f,1768.696226853233607437346019564236,CAD,,,,,,,,,,,,,,0xee0087287c2f97dcdaebe9c5de3e440b37881ec782c8091ed3aea8cdef35afc9,https://etherscan.io/tx/0xee0087287c2f97dcdaebe9c5de3e440b37881ec782c8091ed3aea8cdef35afc9,2025-03-07T17:16:35.000Z
03/07/2025,12:15,execute,Confirmed,arbitrum,,,,,,0.6,ETH,0x33ceb27b39d2bb7d2e61f7564d3df29344020417,1771.1585441850174,CAD,0.000003734445962,ETH,0.011023826455655894683882898,CAD,,,,,0xd04a1180df924ee62ed5fdc2f01780468415205aee70b594b4061f5f29b0c2c6,https://arbiscan.io/tx/0xd04a1180df924ee62ed5fdc2f01780468415205aee70b594b4061f5f29b0c2c6,2025-03-07T17:15:59.000Z
03/07/2025,12:15,receive,Confirmed,ethereum,0.636557015588,ETH,0xc38e4e6a15593f908255214653d3d947ca1c2338,1879.072328366002513079752052,CAD,,,,,,,,,,,,,,0xf1fc3e0fac18f5e0e220bf22e9456d1ac093e110c727f09d677c7ded186d9f99,https://etherscan.io/tx/0xf1fc3e0fac18f5e0e220bf22e9456d1ac093e110c727f09d677c7ded186d9f99,2025-03-07T17:15:35.000Z
03/07/2025,12:10,receive,Confirmed,arbitrum,0.598956694967551622,ETH,0x862f26238d773fde4e29156f3bb7cf58ea4cd1af,1775.7982836677245127875839624045468,CAD,,,,,,,,,,,,,,0x67a7dae1861e7326f0ae0863b0d6adff73acd218c2d5b8bcefad4f5c0fc97139,https://arbiscan.io/tx/0x67a7dae1861e7326f0ae0863b0d6adff73acd218c2d5b8bcefad4f5c0fc97139,2025-03-07T17:10:17.000Z
03/07/2025,12:09,receive,Confirmed,ethereum,0.50848734,ETH,0x312e67b47a2a29ae200184949093d92369f80b53,1507.573006906091900601996,CAD,,,,,,0.000986063044489103,ETH,2.9234986046642036005225614370182,CAD,,,,,0xac9795642eac2e2214f523bc12d502160e56da8a965ebf7ec10029062da385a3,https://etherscan.io/tx/0xac9795642eac2e2214f523bc12d502160e56da8a965ebf7ec10029062da385a3,2025-03-07T17:09:11.000Z
03/07/2025,10:55,receive,Confirmed,ethereum,0.11186417,ETH,0x2fc617e933a52713247ce25730f6695920b3befe,340.81104352524984752239,CAD,,,,,,,,,,,,,,0x03480c89c9456c278bdda9718e822e58daff495ac9229c2511b17b4240b41187,https://etherscan.io/tx/0x03480c89c9456c278bdda9718e822e58daff495ac9229c2511b17b4240b41187,2025-03-07T15:55:35.000Z
02/28/2025,14:09,receive,Confirmed,ethereum,0.1,ETH,0x312e67b47a2a29ae200184949093d92369f80b53,305.8701620212914,CAD,,,,,,0.000716737585427912,ETH,2.192286413815846293881238455568,CAD,,,,,0x5c804258717ab1bd053826cd7f1d4c607e76b00953378c2659183f97650330d9,https://etherscan.io/tx/0x5c804258717ab1bd053826cd7f1d4c607e76b00953378c2659183f97650330d9,2025-02-28T19:09:35.000Z
02/27/2025,11:08,send,Confirmed,ethereum,,,,,,0.635757795860352435,ETH,0xa4604a6fd640e44a23efa05027e6af3dd999da8f,2026.540182919416927957690145885845,CAD,0.000027580565943,ETH,0.087915752689292199611264241,CAD,,,,,0x17b4a8f71df05614793fb13ef9f72d836698e22880c6c0256de3618dc9de8997,https://etherscan.io/tx/0x17b4a8f71df05614793fb13ef9f72d836698e22880c6c0256de3618dc9de8997,2025-02-27T16:08:23.000Z
02/27/2025,11:07,trade,Confirmed,ethereum,0.234681716693798826,ETH,0x66a9893cc07d91d95644aedd05d03f95e1dba8af,749.1178012081413210472588935374118,CAD,546.898048,USDC,0x88e6a0c2ddd26feeb64f039a2c41296fcb3f5640,750.5594308534368744056064,CAD,0.00041292134954559,ETH,1.318069161080345469632911154937,CAD,,,,,0x0007155b9764b1c25ace294fdde7089b45f19d95a893c9771dd47185d87a0e8e,https://etherscan.io/tx/0x0007155b9764b1c25ace294fdde7089b45f19d95a893c9771dd47185d87a0e8e,2025-02-27T16:07:47.000Z
02/26/2025,12:10,receive,Confirmed,ethereum,546.898048,USDC,0xc38e4e6a15593f908255214653d3d947ca1c2338,750.0115949309286962993664,CAD,,,,,,,,,,,,,,0x64b99b1122535c4cb5dc984e526c29f3ad535d7603b32fffb0ff5aa27c52c81d,https://etherscan.io/tx/0x64b99b1122535c4cb5dc984e526c29f3ad535d7603b32fffb0ff5aa27c52c81d,2025-02-26T17:10:23.000Z
02/26/2025,11:37,receive,Confirmed,ethereum,0.26628567,ETH,0x312e67b47a2a29ae200184949093d92369f80b53,877.824269964518671169592,CAD,,,,,,0.001128067687398756,ETH,3.7187325707815063576217482503456,CAD,,,,,0x538e5db6ddca2d108c63038501d5409a93f8f6f560c751650b98790c733179ef,https://etherscan.io/tx/0x538e5db6ddca2d108c63038501d5409a93f8f6f560c751650b98790c733179ef,2025-02-26T16:37:23.000Z
02/26/2025,11:35,receive,Confirmed,ethereum,0.164352423978645955,ETH,0xb8901acb165ed027e32754e0ffe830802919727f,543.0616493353449257060600988748315,CAD,,,,,,,,,,,,,,0x6bf56ebe8fa8d091fe0e59b2c7ce861ddd5c6b861516807adfc3cc3785a41ff9,https://etherscan.io/tx/0x6bf56ebe8fa8d091fe0e59b2c7ce861ddd5c6b861516807adfc3cc3785a41ff9,2025-02-26T16:35:47.000Z
02/26/2025,11:35,execute,Confirmed,arbitrum,,,,,,0.164838944747518501,ETH,0x33ceb27b39d2bb7d2e61f7564d3df29344020417,544.4361987462456962667044967268215,CAD,0.000009481856976,ETH,0.031317029946873191127077784,CAD,,,,,0xabbfd9004a4bae7752c0b2b708f2b6d21a990fd6ec614d3de57e56a49bcdeb13,https://arbiscan.io/tx/0xabbfd9004a4bae7752c0b2b708f2b6d21a990fd6ec614d3de57e56a49bcdeb13,2025-02-26T16:35:21.000Z
02/26/2025,11:34,receive,Confirmed,arbitrum,0.172859113987934501,ETH,0x862f26238d773fde4e29156f3bb7cf58ea4cd1af,571.2719085774235649230325283841074,CAD,,,,,,,,,,,,,,0x618fde30a0257ce4bdfee55d37e4bdf19194995f6bb854dd85be70506d2af8c8,https://arbiscan.io/tx/0x618fde30a0257ce4bdfee55d37e4bdf19194995f6bb854dd85be70506d2af8c8,2025-02-26T16:34:52.000Z
02/21/2025,15:33,send,Confirmed,ethereum,,,,,,1.756312387634850504,ETH,0xa4604a6fd640e44a23efa05027e6af3dd999da8f,6385.02950431965885823658482796592,CAD,0.000051889877487,ETH,0.18864434428786299870902826,CAD,,,,,0xf02eaf8fad40f559ef3eaed66c8a97901f0f639dbd1625ae3ff97bce9f78a711,https://etherscan.io/tx/0xf02eaf8fad40f559ef3eaed66c8a97901f0f639dbd1625ae3ff97bce9f78a711,2025-02-21T20:33:47.000Z
02/21/2025,15:32,execute,Failed,ethereum,,,,,,,,,,,0.00084860447444592,ETH,3.08520834255951569072217392208,CAD,,,,,0x14f3468262287d50738a4b9d633aa7352ee73e43a83ac38661c8e79081e11dd7,https://etherscan.io/tx/0x14f3468262287d50738a4b9d633aa7352ee73e43a83ac38661c8e79081e11dd7,2025-02-21T20:32:35.000Z
02/21/2025,15:32,receive,Confirmed,ethereum,0.39802105,ETH,0x312e67b47a2a29ae200184949093d92369f80b53,1446.46013689336136555795,CAD,,,,,,0.001364917333759383,ETH,4.960286681917247689832200092957,CAD,,,,,0xd58cf1907d54030e052cb5c8d32ea85326fcc851241098fd8c7f130adda610ff,https://etherscan.io/tx/0xd58cf1907d54030e052cb5c8d32ea85326fcc851241098fd8c7f130adda610ff,2025-02-21T20:32:11.000Z
02/21/2025,15:28,receive,Confirmed,ethereum,0.421948459912043913,ETH,0xb8901acb165ed027e32754e0ffe830802919727f,1528.932861850510546697158595879538,CAD,,,,,,,,,,,,,,0x0c07a683120d34e27d88b58ec748ae452d469d45137d16bced806714c44d804b,https://etherscan.io/tx/0x0c07a683120d34e27d88b58ec748ae452d469d45137d16bced806714c44d804b,2025-02-21T20:28:47.000Z
02/21/2025,15:28,execute,Confirmed,arbitrum,,,,,,0.4226459531525077,ETH,0x33ceb27b39d2bb7d2e61f7564d3df29344020417,1531.3210082216307103664031229866,CAD,0.000003549259896,ETH,0.012859596079989278257533168,CAD,,,,,0x003b97a672f911718f8105185cf53021c4b25cca0ff3c0dae397523f68bbd173,https://arbiscan.io/tx/0x003b97a672f911718f8105185cf53021c4b25cca0ff3c0dae397523f68bbd173,2025-02-21T20:28:17.000Z
02/21/2025,15:27,trade,Confirmed,arbitrum,0.4226493381691437,ETH,0x1bd1aadc9e230626c44a139d7e70d842749351eb,1531.3332727353430091328170950746,CAD,1122.932447,USDC,0x6160006c4aa63ad1cb8cc075d99127f9d8948bb5,1541.58601522710847280491,CAD,,,,,,,,,0xffb8152d419f89c846ac3801727eb1e615488a42ac9cd8913f25efffecb8ed01,https://arbiscan.io/tx/0xffb8152d419f89c846ac3801727eb1e615488a42ac9cd8913f25efffecb8ed01,2025-02-21T20:27:54.000Z
02/21/2025,15:25,receive,Confirmed,arbitrum,1122.932447,USDC,0xc38e4e6a15593f908255214653d3d947ca1c2338,1540.8983012190293404883186,CAD,,,,,,,,,,,,,,0xc9c1b16a298751b08fbde4288690c7143b5a6c5e963a79bf473ea6d8882caac7,https://arbiscan.io/tx/0xc9c1b16a298751b08fbde4288690c7143b5a6c5e963a79bf473ea6d8882caac7,2025-02-21T20:25:29.000Z
02/21/2025,15:19,receive,Confirmed,ethereum,0.930611469290301894,ETH,0xb8901acb165ed027e32754e0ffe830802919727f,3389.0518994958842791424195184124836,CAD,,,,,,,,,,,,,,0x183b0303cbcabb76a210e774579085ca7cbd3f1fcad974385044afef4e70b691,https://etherscan.io/tx/0x183b0303cbcabb76a210e774579085ca7cbd3f1fcad974385044afef4e70b691,2025-02-21T20:19:35.000Z
02/21/2025,15:19,execute,Confirmed,arbitrum,,,,,,0.931826402769758965,ETH,0x33ceb27b39d2bb7d2e61f7564d3df29344020417,3394.7809388281103143108862074265045,CAD,0.00000362832,ETH,0.013218504583425343649616,CAD,,,,,0x57cde73404716be2a94be2f002b8e001a6f96f989001e374257f8bd1165ec90b,https://arbiscan.io/tx/0x57cde73404716be2a94be2f002b8e001a6f96f989001e374257f8bd1165ec90b,2025-02-21T20:19:03.000Z
02/21/2025,15:18,trade,Confirmed,arbitrum,0.028783163139579717,ETH,0xa51afafe0263b40edaef0df8781ea9aa03e381a3,104.866046789418935132504754772575,CAD,76.632371,USDT0,0x641c00a822e8b671738d32a431a4fb6074e5c79d,105.1367041027369631853826,CAD,0.00000348959,ETH,0.01271366550094993344525,CAD,,,,,0x5e4f5b4aa5c299d8f425bce8c299073e73964340057d5c9d3dd387128ebedc99,https://arbiscan.io/tx/0x5e4f5b4aa5c299d8f425bce8c299073e73964340057d5c9d3dd387128ebedc99,2025-02-21T20:18:37.000Z
02/21/2025,15:17,receive,Confirmed,arbitrum,0.895051557900179248,ETH,0x862f26238d773fde4e29156f3bb7cf58ea4cd1af,3257.7334993228622332369504339361248,CAD,,,,,,,,,,,,,,0xc010fe01c9fb194215024d1ac70b8e34dfaf0a15903b6408e1040da796d9fce6,https://arbiscan.io/tx/0xc010fe01c9fb194215024d1ac70b8e34dfaf0a15903b6408e1040da796d9fce6,2025-02-21T20:17:05.000Z
02/21/2025,15:16,receive,Confirmed,arbitrum,76.632371,USDT0,0x862f26238d773fde4e29156f3bb7cf58ea4cd1af,105.1685104821904077576608,CAD,,,,,,,,,,,,,,0x9c2a24440b7518cc741bfd1361dd67705a262f96661b233a4935591f45133803,https://arbiscan.io/tx/0x9c2a24440b7518cc741bfd1361dd67705a262f96661b233a4935591f45133803,2025-02-21T20:16:27.000Z
02/14/2025,14:38,send,Confirmed,ethereum,,,,,,1.366939248766611576,ETH,0xa4604a6fd640e44a23efa05027e6af3dd999da8f,5143.5277073546156389589323501293048,CAD,0.0000350803866,ETH,0.13200070202433628103500218,CAD,,,,,0x615e69c464a9090e475a07f20623be8a40245a2dda989ed8f5f80be58f8722b3,https://etherscan.io/tx/0x615e69c464a9090e475a07f20623be8a40245a2dda989ed8f5f80be58f8722b3,2025-02-14T19:38:35.000Z
02/14/2025,14:37,trade,Confirmed,ethereum,0.042656185105618399,ETH,0x66a9893cc07d91d95644aedd05d03f95e1dba8af,160.463639517240977926214523347926,CAD,117.371487,USDC,0x88e6a0c2ddd26feeb64f039a2c41296fcb3f5640,161.0999439882114174785394,CAD,0.00047451036853233,ETH,1.78500868126943862625974228042,CAD,,,,,0x487195d16040adab715073cb8356ad8765e85a0d4db83aecd3726a0e97639041,https://etherscan.io/tx/0x487195d16040adab715073cb8356ad8765e85a0d4db83aecd3726a0e97639041,2025-02-14T19:37:35.000Z
02/14/2025,14:36,receive,Confirmed,ethereum,0.366789438430459171,ETH,0xb8901acb165ed027e32754e0ffe830802919727f,1380.2935619605749936612114164918726,CAD,,,,,,,,,,,,,,0xd3a77328debfeaafaf9e9ad316a4ec8f962833b4b1f93b499190e95307528d83,https://etherscan.io/tx/0xd3a77328debfeaafaf9e9ad316a4ec8f962833b4b1f93b499190e95307528d83,2025-02-14T19:36:23.000Z
02/14/2025,14:35,execute,Confirmed,arbitrum,,,,,,0.367453433350800835,ETH,0x33ceb27b39d2bb7d2e61f7564d3df29344020417,1382.792292342900021915420933182951,CAD,0.00000269234,ETH,0.010131751842449806255204,CAD,,,,,0xda288f11b68fa8bb5cdf8fc3b083c43319ef0598604da33d96cea5fcff717d31,https://arbiscan.io/tx/0xda288f11b68fa8bb5cdf8fc3b083c43319ef0598604da33d96cea5fcff717d31,2025-02-14T19:35:59.000Z
02/14/2025,14:35,withdraw,Confirmed,arbitrum,0.367455357276700835,ETH,0x82af49447d8a07e3bd95bd0d56f35241523fbab1,1382.930663697531343797061390023115,CAD,0.367455357276700835,WETH,0x0000000000000000000000000000000000000000,1381.73607436092272208411043094181,CAD,0.00000062249,ETH,0.00234276216633530270881,CAD,,,,,0x836d5dbf784a886cb3de3bdbd21417e990f5625fbef691466666bc8fe5f18280,https://arbiscan.io/tx/0x836d5dbf784a886cb3de3bdbd21417e990f5625fbef691466666bc8fe5f18280,2025-02-14T19:35:42.000Z
02/14/2025,14:35,receive,Confirmed,arbitrum,0.367455357276700835,WETH,0xc38e4e6a15593f908255214653d3d947ca1c2338,1381.581416767044201159022749952499,CAD,,,,,,,,,,,,,,0x9b550d62dcad4dc6e2084b898b5cddd203565e5a8199d429f0caa6c58a0d1f1d,https://arbiscan.io/tx/0x9b550d62dcad4dc6e2084b898b5cddd203565e5a8199d429f0caa6c58a0d1f1d,2025-02-14T19:35:14.000Z
02/14/2025,14:34,receive,Confirmed,ethereum,0.368654551173024804,ETH,0xb8901acb165ed027e32754e0ffe830802919727f,1387.73228879068141929321619073997,CAD,,,,,,,,,,,,,,0xf7dcac2ff0236d328d45612721bf244db95d8f6608cda43500d0c86d38894134,https://etherscan.io/tx/0xf7dcac2ff0236d328d45612721bf244db95d8f6608cda43500d0c86d38894134,2025-02-14T19:34:23.000Z
02/14/2025,14:33,execute,Confirmed,arbitrum,,,,,,0.369320226724736204,ETH,0x33ceb27b39d2bb7d2e61f7564d3df29344020417,1392.524269330868526016747664622396,CAD,0.00000269737,ETH,0.01017045078109020474813,CAD,,,,,0x9d81bef5e8484a29c1b2dd514d22f636abdec2436d13959cb47988aac28eaa73,https://arbiscan.io/tx/0x9d81bef5e8484a29c1b2dd514d22f636abdec2436d13959cb47988aac28eaa73,2025-02-14T19:33:52.000Z
02/14/2025,14:33,trade,Confirmed,arbitrum,0.030968374871094046,ETH,0xa51afafe0263b40edaef0df8781ea9aa03e381a3,116.7762311812787011151228916297598,CAD,85.126902,USDT0,0x641c00a822e8b671738d32a431a4fb6074e5c79d,116.8081078168520892015906,CAD,0.000002980623975,ETH,0.0112394026427892257104049175,CAD,,,,,0x400f96d9f780c753de9d66ce2ec3c43dbffa6296c3e003ddd0b75001e5875465,https://arbiscan.io/tx/0x400f96d9f780c753de9d66ce2ec3c43dbffa6296c3e003ddd0b75001e5875465,2025-02-14T19:33:05.000Z
02/14/2025,14:32,approve,Confirmed,arbitrum,,,,,,,,,,,0.000000884320722,ETH,0.0033364367506450570289390892,CAD,,,,,0x1dfc5711d429c2ee6aa0121b03e8242cea3e506eef1f883babbad843396c0e6c,https://arbiscan.io/tx/0x1dfc5711d429c2ee6aa0121b03e8242cea3e506eef1f883babbad843396c0e6c,2025-02-14T19:32:46.000Z
02/14/2025,14:32,trade,Confirmed,arbitrum,0.038366405725569158,ETH,0xa51afafe0263b40edaef0df8781ea9aa03e381a3,144.7518788923594545217089257890788,CAD,105.471772,USDC,0xbe3ad6a5669dc0b8b12febc03608860c31e2eef6,144.7439430966126620966832,CAD,0.000004271956304,ETH,0.0161175822925196899787403744,CAD,,,,,0x64aabd7f9f7ac761737f632cb4f12b592e3b2b459e2c1528ca4892319ad5b4c2,https://arbiscan.io/tx/0x64aabd7f9f7ac761737f632cb4f12b592e3b2b459e2c1528ca4892319ad5b4c2,2025-02-14T19:32:25.000Z
02/14/2025,14:31,receive,Confirmed,arbitrum,85.126902,USDT0,0x862f26238d773fde4e29156f3bb7cf58ea4cd1af,116.9455241343688365553536,CAD,,,,,,,,,,,,,,0xb80999a43a01ce09faf6358f6e86019d5724753299f54effed2b6fc13918443e,https://arbiscan.io/tx/0xb80999a43a01ce09faf6358f6e86019d5724753299f54effed2b6fc13918443e,2025-02-14T19:31:18.000Z
02/14/2025,14:31,receive,Confirmed,arbitrum,105.471772,USDC,0x862f26238d773fde4e29156f3bb7cf58ea4cd1af,144.7355778889574171256352,CAD,,,,,,,,,,,,,,0x139bbde18137396b5d4f407c7aad550fcd5784f0473e0b565bec431202db73cb,https://arbiscan.io/tx/0x139bbde18137396b5d4f407c7aad550fcd5784f0473e0b565bec431202db73cb,2025-02-14T19:31:00.000Z
02/14/2025,14:30,receive,Confirmed,arbitrum,0.3,ETH,0x862f26238d773fde4e29156f3bb7cf58ea4cd1af,1132.8854439809541,CAD,,,,,,,,,,,,,,0x6bef1d15fbe7c63a25b8778ed5958b9988bcd518f743dc15e0e1ad953fff4ece,https://arbiscan.io/tx/0x6bef1d15fbe7c63a25b8778ed5958b9988bcd518f743dc15e0e1ad953fff4ece,2025-02-14T19:30:39.000Z
02/14/2025,14:16,receive,Confirmed,ethereum,0.41269593,ETH,0x312e67b47a2a29ae200184949093d92369f80b53,1562.881316664698862875568,CAD,,,,,,0.000835489224813636,ETH,3.1640013986469506110791779334336,CAD,,,,,0xb20853d3aa134b83ba109245390fd06afb362bb2ecb036a24e3f749ea1965fb0,https://etherscan.io/tx/0xb20853d3aa134b83ba109245390fd06afb362bb2ecb036a24e3f749ea1965fb0,2025-02-14T19:16:47.000Z
02/14/2025,14:07,receive,Confirmed,ethereum,0.10542176,ETH,0x2fc617e933a52713247ce25730f6695920b3befe,399.78975483010429803904,CAD,,,,,,,,,,,,,,0x998bee8e48b4848ee72502d60eb15d3865d2df55f0ca4bfa1c1dde1a47da3be6,https://etherscan.io/tx/0x998bee8e48b4848ee72502d60eb15d3865d2df55f0ca4bfa1c1dde1a47da3be6,2025-02-14T19:07:23.000Z
02/10/2025,09:25,receive,Confirmed,ethereum,0.07378634,ETH,0x312e67b47a2a29ae200184949093d92369f80b53,269.314813817458763420648,CAD,,,,,,0.001725117029312832,ETH,6.2965526080127148482820182555904,CAD,,,,,0x03af145a4cb936243860d26ff5e5fc7b015993b2c35a7615e796dbe0ad4c4471,https://etherscan.io/tx/0x03af145a4cb936243860d26ff5e5fc7b015993b2c35a7615e796dbe0ad4c4471,2025-02-10T14:25:59.000Z
02/07/2025,17:45,mint,Confirmed,ethereum,117.371487,USDC,0x0000000000000000000000000000000000000000,161.2213032261111813761688,CAD,,,,,,,,,,,,,,0x9cf20afd03cbfc2de6f3245db938ec723048503f618ceb3cf8d2ea96391e66dd,https://etherscan.io/tx/0x9cf20afd03cbfc2de6f3245db938ec723048503f618ceb3cf8d2ea96391e66dd,2025-02-07T22:45:59.000Z
02/07/2025,17:32,send,Confirmed,ethereum,,,,,,2.189410121690758665,ETH,0xa4604a6fd640e44a23efa05027e6af3dd999da8f,7732.421759901806697187652010621984,CAD,0.000039754845081,ETH,0.1404036759126978783543110976,CAD,,,,,0xca783d29f788832260a36f3b66a8aa502856d88b396405fd285a7fbdce975c25,https://etherscan.io/tx/0xca783d29f788832260a36f3b66a8aa502856d88b396405fd285a7fbdce975c25,2025-02-07T22:32:47.000Z
02/07/2025,17:31,trade,Confirmed,ethereum,0.901236421795488397,ETH,0x00000011f84b9aa48e5f8aa8b9897600006289be,3185.206504920523907567585544962556,CAD,2324.438772,USDC,0x43ee35d5542f5b826fa92832bd97caff153675a8,3191.5144459278724401374688,CAD,,,,,,,,,0xaecae636106cfb7afca7d46d9370e0a5db3edf0291a4183e3026a92c49f77d8c,https://etherscan.io/tx/0xaecae636106cfb7afca7d46d9370e0a5db3edf0291a4183e3026a92c49f77d8c,2025-02-07T22:31:47.000Z
02/07/2025,17:29,receive,Confirmed,ethereum,0.88672525,ETH,0x312e67b47a2a29ae200184949093d92369f80b53,3138.520752543117458576575,CAD,,,,,,0.001075367160064332,ETH,3.8062095879927433170855492528516,CAD,,,,,0xf5ff35f953a3815d463516b3555f0e81f640b931de5cda67c3b432a981d0a685,https://etherscan.io/tx/0xf5ff35f953a3815d463516b3555f0e81f640b931de5cda67c3b432a981d0a685,2025-02-07T22:29:11.000Z
02/07/2025,17:25,send,Confirmed,arbitrum,,,,,,118.17761,USDC,0x6504bfcab789c35325ca4329f1f41fac340bf982,162.156008383733682751023,CAD,0.000002018716826,ETH,0.0071403562291127200863697402,CAD,,,,,0x7a7533b7413c88b2e0d909cb8d56c8267471520561a854ca5d999b9452659228,https://arbiscan.io/tx/0x7a7533b7413c88b2e0d909cb8d56c8267471520561a854ca5d999b9452659228,2025-02-07T22:25:13.000Z
02/07/2025,17:24,receive,Confirmed,ethereum,0.351822532681197307,ETH,0xb8901acb165ed027e32754e0ffe830802919727f,1244.69852910631210604607755488342,CAD,,,,,,,,,,,,,,0x8efe52e7dea68ac4679cdb3daa90028b048ff1c03b64b13041c774ad87469c52,https://etherscan.io/tx/0x8efe52e7dea68ac4679cdb3daa90028b048ff1c03b64b13041c774ad87469c52,2025-02-07T22:24:47.000Z
02/07/2025,17:24,execute,Confirmed,arbitrum,,,,,,0.352264345152310577,ETH,0x33ceb27b39d2bb7d2e61f7564d3df29344020417,1246.26159935296348576211733912962,CAD,0.0000024791,ETH,0.008770706355819407246,CAD,,,,,0xe9595749f6a2b4755112c01884e9530f378adbafc00334e52c336eacf84d67f1,https://arbiscan.io/tx/0xe9595749f6a2b4755112c01884e9530f378adbafc00334e52c336eacf84d67f1,2025-02-07T22:24:36.000Z
02/07/2025,17:20,receive,Confirmed,arbitrum,0.352263508620736577,ETH,0x862f26238d773fde4e29156f3bb7cf58ea4cd1af,1247.448048590844530328440098249256,CAD,,,,,,,,,,,,,,0xefddb3755f02999bab5a64845a2850083352f2570b3d484ac2fa254487b08dbe,https://arbiscan.io/tx/0xefddb3755f02999bab5a64845a2850083352f2570b3d484ac2fa254487b08dbe,2025-02-07T22:20:42.000Z
02/07/2025,17:02,receive,Confirmed,ethereum,2324.438772,USDC,0x862f26238d773fde4e29156f3bb7cf58ea4cd1af,3192.2641214255908710991608,CAD,,,,,,,,,,,,,,0x552cf634a06553652787bb3cfbca30e600446860ab5526f883377b54eb61fd99,https://etherscan.io/tx/0x552cf634a06553652787bb3cfbca30e600446860ab5526f883377b54eb61fd99,2025-02-07T22:02:47.000Z
02/04/2025,19:04,receive,Confirmed,arbitrum,118.17761,USDC,0x862f26238d773fde4e29156f3bb7cf58ea4cd1af,162.131020903793059332675,CAD,,,,,,,,,,,,,,0x41ead423b650bf7df512b04817e2af77edc0f01143e7f29fba3b5e0a65df6516,https://arbiscan.io/tx/0x41ead423b650bf7df512b04817e2af77edc0f01143e7f29fba3b5e0a65df6516,2025-02-05T00:04:02.000Z
02/04/2025,17:59,send,Confirmed,ethereum,,,,,,1.9,ETH,0xa4604a6fd640e44a23efa05027e6af3dd999da8f,6986.31563026036503,CAD,0.000048626346132,ETH,0.1787994747497064438049729284,CAD,,,,,0x7a39aa7b7dca10e102e35e8e5c618fb3359f88f0f12db0cc532ff96cf12044f1,https://etherscan.io/tx/0x7a39aa7b7dca10e102e35e8e5c618fb3359f88f0f12db0cc532ff96cf12044f1,2025-02-04T22:59:23.000Z
02/04/2025,17:45,trade,Confirmed,ethereum,0.373172826608044782,ETH,0x00000011f84b9aa48e5f8aa8b9897600006289be,1371.104424216685182657531718252158,CAD,3.759483401491240204,AAVE,0xd4bc53434c5e12cb41381a556c3c47e1a86e80e3,1373.0103439497093597570874687291228,CAD,,,,,,,,,0x3adfba614512bd4247612f2ec024e80ebcbfe6844b55e607f121f5eecaaf109e,https://etherscan.io/tx/0x3adfba614512bd4247612f2ec024e80ebcbfe6844b55e607f121f5eecaaf109e,2025-02-04T22:45:35.000Z
02/04/2025,17:41,approve,Confirmed,ethereum,,,,,,,,,,,0.000120894088192345,ETH,0.44217728256826899541761725484,CAD,,,,,0x9bba488f3c919295f4eb2a9528c7c91708312aea17975a30e46d0fede9156969,https://etherscan.io/tx/0x9bba488f3c919295f4eb2a9528c7c91708312aea17975a30e46d0fede9156969,2025-02-04T22:41:23.000Z
02/04/2025,17:40,withdraw,Confirmed,ethereum,3.759483401491240204,AAVE,0x4da27a545c0c5b758a6ba100e3a049001de870f5,1365.1187226409700387431797418379464,CAD,3.759483401491240204,stkAAVE,0x0000000000000000000000000000000000000000,0,CAD,0.000341812018244847,ETH,1.2500053332956908326907469993415,CAD,,,,,0x9a71571cac537d54312bc53823a019f83f89ff43620d68b05a6e1e1949f02042,https://etherscan.io/tx/0x9a71571cac537d54312bc53823a019f83f89ff43620d68b05a6e1e1949f02042,2025-02-04T22:40:35.000Z
02/02/2025,18:35,trade,Confirmed,ethereum,0.818250166427221076,ETH,0x66a9893cc07d91d95644aedd05d03f95e1dba8af,3173.7955598041081118538413364847184,CAD,2312.244691,USDC,0x88e6a0c2ddd26feeb64f039a2c41296fcb3f5640,3174.2710843021018759249886,CAD,0.004235901236976591,ETH,16.4300419227361005625112708712444,CAD,,,,,0x1228f1b732d782d670f2f99de96887d6bc794fa7e8e0064fb778a5bba7486b14,https://etherscan.io/tx/0x1228f1b732d782d670f2f99de96887d6bc794fa7e8e0064fb778a5bba7486b14,2025-02-02T23:35:35.000Z
02/02/2025,18:27,mint,Confirmed,ethereum,2312.244691,USDC,0x0000000000000000000000000000000000000000,3158.8542880755224396271035,CAD,,,,,,0.003935435683190238,ETH,15.167757904779448068196377499002,CAD,,,,,0x4b25910fcafcecf753c0029fb22e3504714ecc3504f680a425c00eb70b2f872e,https://etherscan.io/tx/0x4b25910fcafcecf753c0029fb22e3504714ecc3504f680a425c00eb70b2f872e,2025-02-02T23:27:23.000Z
02/02/2025,18:22,receive,Confirmed,ethereum,0.47174846,ETH,0x312e67b47a2a29ae200184949093d92369f80b53,1833.49601122690435900818,CAD,,,,,,0.01209882258737999,ETH,47.02324402819075697706153929817,CAD,,,,,0xfcb4fcce0316c53cac77bdcc78e9013ce8238c73633abb0135577324384f6180,https://etherscan.io/tx/0xfcb4fcce0316c53cac77bdcc78e9013ce8238c73633abb0135577324384f6180,2025-02-02T23:22:59.000Z
01/28/2025,17:30,receive,Confirmed,ethereum,0.23570145,ETH,0x312e67b47a2a29ae200184949093d92369f80b53,992.1827181025056553911,CAD,,,,,,0.00417228676360104,ETH,17.56319624598315506336196114672,CAD,,,,,0x1d633ded018e50df2201773e8f6c8fbf063796fee5bdcd40eb30475eb197969d,https://etherscan.io/tx/0x1d633ded018e50df2201773e8f6c8fbf063796fee5bdcd40eb30475eb197969d,2025-01-28T22:30:35.000Z
01/28/2025,17:30,receive,Confirmed,ethereum,0.08089964,ETH,0x312e67b47a2a29ae200184949093d92369f80b53,340.52950843520929327396,CAD,,,,,,0.0042796262842956,ETH,18.0141597030293574264329420484,CAD,,,,,0x3a94895b8b7c880e2c2b9031c0d2ecf8b3f3445fbdf3d5c8f7e6bc480890df50,https://etherscan.io/tx/0x3a94895b8b7c880e2c2b9031c0d2ecf8b3f3445fbdf3d5c8f7e6bc480890df50,2025-01-28T22:30:11.000Z
01/27/2025,16:46,send,Confirmed,ethereum,,,,,,1,ETH,0xa4604a6fd640e44a23efa05027e6af3dd999da8f,4317.783486449053,CAD,0.000217591048815,ETH,0.939511037372536782333522195,CAD,,,,,0x0da06c75425a436609fbfe216db953d12e9efdcdaf56424403c7f1cb226cf2a9,https://etherscan.io/tx/0x0da06c75425a436609fbfe216db953d12e9efdcdaf56424403c7f1cb226cf2a9,2025-01-27T21:46:11.000Z
01/27/2025,16:00,receive,Confirmed,ethereum,0.354202789916224937,ETH,0xb8901acb165ed027e32754e0ffe830802919727f,1530.591221920118499757117861936176,CAD,,,,,,,,,,,,,,0x65935a649a25cf4bd38ca14583be28e86c5b58953addec4fa03d29ed247754e4,https://etherscan.io/tx/0x65935a649a25cf4bd38ca14583be28e86c5b58953addec4fa03d29ed247754e4,2025-01-27T21:00:11.000Z
01/27/2025,15:59,receive,Confirmed,ethereum,0.637342825855065401,ETH,0xb8901acb165ed027e32754e0ffe830802919727f,2752.275738507652361840047770395997,CAD,,,,,,,,,,,,,,0xe86cfb8eca475601eff835700547d80d7c460761e1e9f49ece1c8ab7dad2a16e,https://etherscan.io/tx/0xe86cfb8eca475601eff835700547d80d7c460761e1e9f49ece1c8ab7dad2a16e,2025-01-27T20:59:35.000Z
01/27/2025,15:59,execute,Confirmed,arbitrum,,,,,,0.355974612248731794,ETH,0x33ceb27b39d2bb7d2e61f7564d3df29344020417,1537.226511497049154162082895491418,CAD,0.00000506359,ETH,0.02186640429827190360723,CAD,,,,,0x6c1698e7736b0cbad1d371d91cddf42937a5af4be5c89054e0fe6f6aa6a52c2b,https://arbiscan.io/tx/0x6c1698e7736b0cbad1d371d91cddf42937a5af4be5c89054e0fe6f6aa6a52c2b,2025-01-27T20:59:32.000Z
01/27/2025,15:58,execute,Confirmed,base,,,,,,0.639236618000315573,ETH,0x10541b07d8ad2647dc6cd67abd4c03575dade261,2758.734140819675527105204132868735,CAD,0.000033360170856005,ETH,0.143971480501126579124413340975,CAD,,,,,0x73ce06446cb99d95559bacd8df8be44861006ab51ee23f0df077cbdf363ef46f,https://basescan.org/tx/0x73ce06446cb99d95559bacd8df8be44861006ab51ee23f0df077cbdf363ef46f,2025-01-27T20:58:51.000Z
01/27/2025,15:57,trade,Confirmed,arbitrum,0.362988367250305794,ETH,0x1bd1aadc9e230626c44a139d7e70d842749351eb,1564.759274141811266806883537134635,CAD,1145.17961,USDC,0xf00000003d31d4ab730a8e269ae547f8f76996ba,1574.431631742419906440408,CAD,,,,,,,,,0x5bc49ad2ff38d93de51bc0026572570a6596d6811be5292b7396f0008c18ac3d,https://arbiscan.io/tx/0x5bc49ad2ff38d93de51bc0026572570a6596d6811be5292b7396f0008c18ac3d,2025-01-27T20:57:55.000Z
01/27/2025,15:56,mint,Confirmed,arbitrum,1145.17961,USDC,0x0000000000000000000000000000000000000000,1574.418820962396922897137,CAD,,,,,,0.00000690134,ETH,0.02974052056249996257254,CAD,,,,,0x294285d8f126ffde1fc4aa6673d1004ee6de9f83ace5eeaab3224e0d5ddb1150,https://arbiscan.io/tx/0x294285d8f126ffde1fc4aa6673d1004ee6de9f83ace5eeaab3224e0d5ddb1150,2025-01-27T20:56:53.000Z
01/27/2025,15:55,receive,Confirmed,base,0.63933350330785952,ETH,0x862f26238d773fde4e29156f3bb7cf58ea4cd1af,2755.33506424918854665209957016416,CAD,,,,,,,,,,,,,,0xe94009f4116bca9bff8f482cffcb45bbb63986ed30e028bd552058d7500e1407,https://basescan.org/tx/0xe94009f4116bca9bff8f482cffcb45bbb63986ed30e028bd552058d7500e1407,2025-01-27T20:55:59.000Z
01/24/2025,16:08,send,Confirmed,ethereum,,,,,,1.31,ETH,0xa4604a6fd640e44a23efa05027e6af3dd999da8f,5989.79707142213196,CAD,0.000239076713967,ETH,1.093145802415849856881106172,CAD,,,,,0x12b8a6880f1007074e991a78e65391e69dba737dbbe2bf360c6e2fd8be537059,https://etherscan.io/tx/0x12b8a6880f1007074e991a78e65391e69dba737dbbe2bf360c6e2fd8be537059,2025-01-24T21:08:35.000Z
01/24/2025,16:07,receive,Confirmed,ethereum,0.70305602,ETH,0x312e67b47a2a29ae200184949093d92369f80b53,3214.38691503664741207766,CAD,,,,,,0.006250631611210987,ETH,28.578019233504370518634918893721,CAD,,,,,0x3bd0e57191f34502516a1f81c93644f776a78efc37c10d3b6d68a21226d3ce22,https://etherscan.io/tx/0x3bd0e57191f34502516a1f81c93644f776a78efc37c10d3b6d68a21226d3ce22,2025-01-24T21:07:23.000Z
01/24/2025,16:07,receive,Confirmed,ethereum,0.134648755742668703,ETH,0xb8901acb165ed027e32754e0ffe830802919727f,615.616944130853064227608794686549,CAD,,,,,,,,,,,,,,0x2a3cbfde4ad33b60ae96702c7177bd377f9c873bd26d9e7b973af867fbd69efd,https://etherscan.io/tx/0x2a3cbfde4ad33b60ae96702c7177bd377f9c873bd26d9e7b973af867fbd69efd,2025-01-24T21:07:23.000Z
01/24/2025,16:06,execute,Confirmed,arbitrum,,,,,,0.136498423390451055,ETH,0x33ceb27b39d2bb7d2e61f7564d3df29344020417,623.99872313305625750226697366785,CAD,0.00000376944,ETH,0.0172318894863602794128,CAD,,,,,0x64aabd2b1e01af907d1a0c018f0779050fb19b5c61d8438427342db72f0ad6f8,https://arbiscan.io/tx/0x64aabd2b1e01af907d1a0c018f0779050fb19b5c61d8438427342db72f0ad6f8,2025-01-24T21:06:56.000Z
01/24/2025,16:06,receive,Confirmed,arbitrum,0.13,ETH,0x862f26238d773fde4e29156f3bb7cf58ea4cd1af,594.65357854795477,CAD,,,,,,,,,,,,,,0x9d0b62cf4c8e64ceae36a1465b945bcf7437dee5a7f533315c6d624134bc3288,https://arbiscan.io/tx/0x9d0b62cf4c8e64ceae36a1465b945bcf7437dee5a7f533315c6d624134bc3288,2025-01-24T21:06:22.000Z
01/24/2025,16:01,receive,Confirmed,ethereum,0.497604761455697032,ETH,0xb8901acb165ed027e32754e0ffe830802919727f,2274.02812701483820552651382951344,CAD,,,,,,,,,,,,,,0x34c3c7218458d06910b47a4db2cade879100286fef99e731898e3f3a242cdd39,https://etherscan.io/tx/0x34c3c7218458d06910b47a4db2cade879100286fef99e731898e3f3a242cdd39,2025-01-24T21:01:47.000Z
01/24/2025,16:01,execute,Confirmed,arbitrum,,,,,,0.5,ETH,0x33ceb27b39d2bb7d2e61f7564d3df29344020417,2291.1918981158985,CAD,0.00000475491,ETH,0.02178882253654053387327,CAD,,,,,0xc9eedaa67b6e47226aae6b082e29ca2f31e7a0f3f96a79324a53c6398073c21a,https://arbiscan.io/tx/0xc9eedaa67b6e47226aae6b082e29ca2f31e7a0f3f96a79324a53c6398073c21a,2025-01-24T21:01:16.000Z
01/24/2025,16:00,trade,Confirmed,arbitrum,0.508513890970451055,ETH,0x1bd1aadc9e230626c44a139d7e70d842749351eb,2331.36442950079839701577812388909,CAD,1701.478308,USDC,0xcdc43c82544bfadea3d48a7122c34aae672ec85e,2338.2608244607516531477488,CAD,,,,,,,,,0x13a5503fa13087f8ff6990bc78a641114a30912054890de45ca723ea2817f030,https://arbiscan.io/tx/0x13a5503fa13087f8ff6990bc78a641114a30912054890de45ca723ea2817f030,2025-01-24T21:00:40.000Z
01/24/2025,15:59,mint,Confirmed,arbitrum,1701.478308,USDC,0x0000000000000000000000000000000000000000,2339.0579125997955632867004,CAD,,,,,,0.00000621384,ETH,0.02851138533991230706632,CAD,,,,,0x526bc6b562c5843e506d290e333eb69fe910fe15362c87aaba10a643f4968636,https://arbiscan.io/tx/0x526bc6b562c5843e506d290e333eb69fe910fe15362c87aaba10a643f4968636,2025-01-24T20:59:30.000Z
01/22/2025,15:14,send,Confirmed,ethereum,,,,,,0.723646953054269676,ETH,0xa4604a6fd640e44a23efa05027e6af3dd999da8f,3236.5190434602769397979729272442,CAD,0.000199689004116,ETH,0.8931112911665680216168422,CAD,,,,,0xf8495c14e2e6f3a7acb34fc901c099774ba6a3eac15c5f80b5eb7e57ecc9f408,https://etherscan.io/tx/0xf8495c14e2e6f3a7acb34fc901c099774ba6a3eac15c5f80b5eb7e57ecc9f408,2025-01-22T20:14:23.000Z
01/22/2025,15:12,withdraw,Confirmed,ethereum,0.024518964426566076,ETH,0xc02aaa39b223fe8d0a0e5c4f27ead9083c756cc2,109.777109122584414824274517112568,CAD,0.024518964426566076,WETH,0xc02aaa39b223fe8d0a0e5c4f27ead9083c756cc2,109.819373309596627258681897599996,CAD,0.0002677925514664,ETH,1.1989695662958089385498908752,CAD,,,,,0x8f720b24d6c92ac7bbde20051dafe2fffbca447778ff866272cbeeb67f8badf9,https://etherscan.io/tx/0x8f720b24d6c92ac7bbde20051dafe2fffbca447778ff866272cbeeb67f8badf9,2025-01-22T20:12:47.000Z
01/22/2025,15:07,receive,Confirmed,ethereum,0.60272384,ETH,0x267be1c1d684f78cb4f6a176c4911b741e4ffdc0,2699.09742404697287603456,CAD,,,,,,,,,,,,,,0x93c9f523285e84f3c32ad83b5ea828cc7b18552e47c0426305663fa7c2c07184,https://etherscan.io/tx/0x93c9f523285e84f3c32ad83b5ea828cc7b18552e47c0426305663fa7c2c07184,2025-01-22T20:07:47.000Z
01/20/2025,13:04,receive,Confirmed,ethereum,0.024518964426566076,WETH,0x862f26238d773fde4e29156f3bb7cf58ea4cd1af,111.186478134155078943090435832248,CAD,,,,,,,,,,,,,,0x51720abfb32edd78ee5fa359bb23a220a0332aca57300b1e51d22d77175677fe,https://etherscan.io/tx/0x51720abfb32edd78ee5fa359bb23a220a0332aca57300b1e51d22d77175677fe,2025-01-20T18:04:47.000Z
01/19/2025,07:35,receive,Confirmed,ethereum,0.0767442,ETH,0x2fc617e933a52713247ce25730f6695920b3befe,334.7018617381748483382,CAD,,,,,,,,,,,,,,0x3f66279d98c6c117adf9c05156d692c67270661253ddeec2b461d000e280caa1,https://etherscan.io/tx/0x3f66279d98c6c117adf9c05156d692c67270661253ddeec2b461d000e280caa1,2025-01-19T12:35:11.000Z
01/18/2025,16:12,send,Confirmed,ethereum,,,,,,1.158739386538396364,ETH,0xa4604a6fd640e44a23efa05027e6af3dd999da8f,5201.846208603706346951476034901492,CAD,0.000421749449478,ETH,1.893329768742729899364198234,CAD,,,,,0x4a4b50c73d6a7a15e39caf4f287377086242eee7432a3baa9c6fadb492c7589c,https://etherscan.io/tx/0x4a4b50c73d6a7a15e39caf4f287377086242eee7432a3baa9c6fadb492c7589c,2025-01-18T21:12:11.000Z
01/18/2025,16:10,receive,Confirmed,ethereum,0.60184638,ETH,0x312e67b47a2a29ae200184949093d92369f80b53,2700.92568292761664561392,CAD,,,,,,0.010678249967104596,ETH,47.921131609820068922150846741664,CAD,,,,,0x6f6a2e24894e0e67497ff7e3247bbcf1902de1e221c5f082822a6b73a110f213,https://etherscan.io/tx/0x6f6a2e24894e0e67497ff7e3247bbcf1902de1e221c5f082822a6b73a110f213,2025-01-18T21:10:35.000Z
01/18/2025,16:09,receive,Confirmed,ethereum,0.106584551459276462,ETH,0xb8901acb165ed027e32754e0ffe830802919727f,478.295181822693247484455506929835,CAD,,,,,,,,,,,,,,0xef96c36f64f6688bda44b46da125d981f723f764ac3ae4a7ac7b9988a1388f8f,https://etherscan.io/tx/0xef96c36f64f6688bda44b46da125d981f723f764ac3ae4a7ac7b9988a1388f8f,2025-01-18T21:09:47.000Z
01/18/2025,16:09,execute,Confirmed,arbitrum,,,,,,0.108809169104260448,ETH,0x33ceb27b39d2bb7d2e61f7564d3df29344020417,488.23776759303012460701841341504,CAD,0.00000312001,ETH,0.0139998010260358149798,CAD,,,,,0x52b1dc7c9fc6679b27211982a4a36fc484c037607ae28be8142c0c8203220611,https://arbiscan.io/tx/0x52b1dc7c9fc6679b27211982a4a36fc484c037607ae28be8142c0c8203220611,2025-01-18T21:09:04.000Z
01/18/2025,16:08,receive,Confirmed,arbitrum,0.103491973427397375,ETH,0x862f26238d773fde4e29156f3bb7cf58ea4cd1af,464.3477212362132145523055791259375,CAD,,,,,,,,,,,,,,0x612267de83894b831a49cc5ca5e3e06cbc62dbbb5fd258ccf7f178e1934cbf35,https://arbiscan.io/tx/0x612267de83894b831a49cc5ca5e3e06cbc62dbbb5fd258ccf7f178e1934cbf35,2025-01-18T21:08:16.000Z
01/18/2025,15:53,receive,Confirmed,ethereum,0.476595968303,ETH,0xc38e4e6a15593f908255214653d3d947ca1c2338,2134.792654090534063261720357,CAD,,,,,,,,,,,,,,0xa7063706f0f28034375de171608092303a86420f25999997dc6395e365b62a17,https://etherscan.io/tx/0xa7063706f0f28034375de171608092303a86420f25999997dc6395e365b62a17,2025-01-18T20:53:35.000Z
01/15/2025,14:47,execute,Confirmed,ethereum,,,,,,,,,,,0.000733923794223342,ETH,3.435568939091222932852210686822,CAD,,,,,0x0f61a5daba36419db6c22cf60349e0ee30a4b54e91a5b5890315984065eb9724,https://etherscan.io/tx/0x0f61a5daba36419db6c22cf60349e0ee30a4b54e91a5b5890315984065eb9724,2025-01-15T19:47:35.000Z
01/15/2025,14:45,send,Confirmed,ethereum,,,,,,1.445,ETH,0xa4604a6fd640e44a23efa05027e6af3dd999da8f,6759.386413600937075,CAD,0.000263402107143,ETH,1.232136072205019058736575105,CAD,,,,,0xff1418052dd1dcca72d740e954bc2e44e54cfed442622f2b977cd02a71f0a6f5,https://etherscan.io/tx/0xff1418052dd1dcca72d740e954bc2e44e54cfed442622f2b977cd02a71f0a6f5,2025-01-15T19:45:23.000Z
01/15/2025,14:44,trade,Confirmed,ethereum,1.408074362656751444,ETH,0x00000011f84b9aa48e5f8aa8b9897600006289be,6597.460083279150937853945001998424,CAD,4825.184151,USDC,0x4c405bc9dc26435a48fe6a637b6b08ebe78b9da5,6622.832174295251492630751,CAD,,,,,,,,,0x2da1aa42f742f60695b11000e1e7769cdbb9750affc111d7e6fc945ef53626d4,https://etherscan.io/tx/0x2da1aa42f742f60695b11000e1e7769cdbb9750affc111d7e6fc945ef53626d4,2025-01-15T19:44:23.000Z
01/13/2025,14:14,trade,Confirmed,ethereum,2111.48856,USDC,0x3fc91a3afd70395cd496c647d5a6cc9d4b2b7fad,2898.23471532254405020824,CAD,0.702163669351947345,ETH,0x3fc91a3afd70395cd496c647d5a6cc9d4b2b7fad,2909.384150354792191813937767467705,CAD,0.002066384352209604,ETH,8.561972294021399976452894867556,CAD,,,,,0xca32583da143e815bd5070302cd8625ad1157f5e8d23e4ab7e6b4c62fea9a6b8,https://etherscan.io/tx/0xca32583da143e815bd5070302cd8625ad1157f5e8d23e4ab7e6b4c62fea9a6b8,2025-01-13T19:14:23.000Z
01/13/2025,08:30,mint,Confirmed,ethereum,137.502943,USDC,0x0000000000000000000000000000000000000000,188.666469328226825268226,CAD,,,,,,,,,,,,,,0xcf647c744ec7f1c26916e8e93d18655a14381adc772d2d1ccbb5bab3f4ba2ab9,https://etherscan.io/tx/0xcf647c744ec7f1c26916e8e93d18655a14381adc772d2d1ccbb5bab3f4ba2ab9,2025-01-13T13:30:47.000Z
01/13/2025,08:30,mint,Confirmed,ethereum,2576.192648,USDC,0x0000000000000000000000000000000000000000,3533.7350850996440926262416,CAD,,,,,,,,,,,,,,0xb7d73a754430bd9357695e80ec7fa8e32f547a2902bfa1b32192a1afbd2da379,https://etherscan.io/tx/0xb7d73a754430bd9357695e80ec7fa8e32f547a2902bfa1b32192a1afbd2da379,2025-01-13T13:30:35.000Z
01/13/2025,08:10,send,Confirmed,base,,,,,,147.467066,USDC,0xe7f40bf16ab09f4a6906ac2caa4094ad2da48cc2,202.9028976016939473943318,CAD,0.000012385309540566,ETH,0.052056439771440758889358475856,CAD,,,,,0x78d8f8a1764ba15abdcd50f502fe41b938f92bc3c56bd373908afa9d572915fc,https://basescan.org/tx/0x78d8f8a1764ba15abdcd50f502fe41b938f92bc3c56bd373908afa9d572915fc,2025-01-13T13:10:19.000Z
01/13/2025,08:10,approve,Confirmed,base,,,,,,,,,,,0.000006246425015054,ETH,0.026254220495495149155899090064,CAD,,,,,0xa81a4d324bc61ddc0b3ed72ec3a7cec18b5a6b63ec93e008bed4b5f595398284,https://basescan.org/tx/0xa81a4d324bc61ddc0b3ed72ec3a7cec18b5a6b63ec93e008bed4b5f595398284,2025-01-13T13:10:07.000Z
01/13/2025,08:09,send,Confirmed,arbitrum,,,,,,2584.436771,USDC,0x6504bfcab789c35325ca4329f1f41fac340bf982,3556.9322963826124145439193,CAD,0.0000228513078,ETH,0.0959690185630036372857492,CAD,,,,,0x75ba8a3351e6d5a5137a73ec01292a3d91c6cb9f836461a3aa6cff962da19d8e,https://arbiscan.io/tx/0x75ba8a3351e6d5a5137a73ec01292a3d91c6cb9f836461a3aa6cff962da19d8e,2025-01-13T13:09:38.000Z
01/13/2025,08:08,receive,Confirmed,base,147.467066,USDC,0x862f26238d773fde4e29156f3bb7cf58ea4cd1af,202.860145970189378743408,CAD,,,,,,,,,,,,,,0xcfec267f04e12f0220ef0ee65a3f71ee33b83b06cf84ec30266883a0d8bbade5,https://basescan.org/tx/0xcfec267f04e12f0220ef0ee65a3f71ee33b83b06cf84ec30266883a0d8bbade5,2025-01-13T13:08:35.000Z
01/13/2025,08:08,receive,Confirmed,arbitrum,487.50581,USDC,0x862f26238d773fde4e29156f3bb7cf58ea4cd1af,670.349022951130624154075,CAD,,,,,,,,,,,,,,0xcb48fa21d64449ab41ab08e8e1aee6b3cf9aba756829d66c20f12e4cb341cbe2,https://arbiscan.io/tx/0xcb48fa21d64449ab41ab08e8e1aee6b3cf9aba756829d66c20f12e4cb341cbe2,2025-01-13T13:08:00.000Z
01/13/2025,07:54,receive,Confirmed,arbitrum,2096.930961,USDC,0xc38e4e6a15593f908255214653d3d947ca1c2338,2881.0516562601334391986272,CAD,,,,,,,,,,,,,,0xbf59df14da99921ecbf14efa9ede6fd75bdcb44950fe009603713000ca1c14e5,https://arbiscan.io/tx/0xbf59df14da99921ecbf14efa9ede6fd75bdcb44950fe009603713000ca1c14e5,2025-01-13T12:54:41.000Z
01/13/2025,07:37,receive,Confirmed,ethereum,0.37392597,ETH,0x312e67b47a2a29ae200184949093d92369f80b53,1567.21649043401768981655,CAD,,,,,,0.007216203639134136,ETH,30.24489938899132171484483612964,CAD,,,,,0x43b4089426fdf07efc3cdf35f4314d2bc034e152a38d09e9335796dfc34dddf0,https://etherscan.io/tx/0x43b4089426fdf07efc3cdf35f4314d2bc034e152a38d09e9335796dfc34dddf0,2025-01-13T12:37:35.000Z
01/09/2025,09:29,receive,Confirmed,ethereum,0.3632519,ETH,0x312e67b47a2a29ae200184949093d92369f80b53,1613.56967793297733057205,CAD,,,,,,0.009108814153157076,ETH,40.461471280565934451750559249382,CAD,,,,,0x741d182ad37b0ad4a66d432f1b6f949054d54dea39724f3d5ebb54372238a8fc,https://etherscan.io/tx/0x741d182ad37b0ad4a66d432f1b6f949054d54dea39724f3d5ebb54372238a8fc,2025-01-09T14:29:59.000Z
01/09/2025,09:29,receive,Confirmed,ethereum,0.02,ETH,0x862f26238d773fde4e29156f3bb7cf58ea4cd1af,88.79688827332998,CAD,,,,,,,,,,,,,,0xdeba4740ea868a30c4912a3ace1f758e34d662726b530ba990860a6cd9415b0d,https://etherscan.io/tx/0xdeba4740ea868a30c4912a3ace1f758e34d662726b530ba990860a6cd9415b0d,2025-01-09T14:29:11.000Z
01/03/2025,15:16,send,Confirmed,ethereum,,,,,,1.58,ETH,0xa4604a6fd640e44a23efa05027e6af3dd999da8f,7826.04347612296268,CAD,0.000393857425269,ETH,1.950851476929775164299351874,CAD,,,,,0x6913aab6c26d473184e9e41cd38022c7c1e38d29971f7d4bbd8100464035b46d,https://etherscan.io/tx/0x6913aab6c26d473184e9e41cd38022c7c1e38d29971f7d4bbd8100464035b46d,2025-01-03T20:16:23.000Z
01/03/2025,15:00,receive,Confirmed,ethereum,0.657141847151458519,ETH,0xb8901acb165ed027e32754e0ffe830802919727f,3265.412529739548216177296493596409,CAD,,,,,,,,,,,,,,0xc8846393b2b0cb877b5850f7917c616a82c0fdab31d8381468b3d1d80f0839f2,https://etherscan.io/tx/0xc8846393b2b0cb877b5850f7917c616a82c0fdab31d8381468b3d1d80f0839f2,2025-01-03T20:00:35.000Z
01/03/2025,14:59,execute,Confirmed,arbitrum,,,,,,0.66,ETH,0x33ceb27b39d2bb7d2e61f7564d3df29344020417,3279.5697219331101,CAD,0.00000564823,ETH,0.02806630922805189463655,CAD,,,,,0x0f80d7d74548ca58156b1766431fe9d35bdd66a11a6b4743477d40e45d712d40,https://arbiscan.io/tx/0x0f80d7d74548ca58156b1766431fe9d35bdd66a11a6b4743477d40e45d712d40,2025-01-03T19:59:51.000Z
01/03/2025,14:58,receive,Confirmed,arbitrum,0.04257626,ETH,0x2fc617e933a52713247ce25730f6695920b3befe,211.57620966250803504946,CAD,,,,,,,,,,,,,,0xcea9a8c926dd5e17db8e1625196339de0d90265e100c22235d8c8a66f3682a2e,https://arbiscan.io/tx/0xcea9a8c926dd5e17db8e1625196339de0d90265e100c22235d8c8a66f3682a2e,2025-01-03T19:58:26.000Z
01/03/2025,14:55,trade,Confirmed,arbitrum,0.350484556387462039,ETH,0x1bd1aadc9e230626c44a139d7e70d842749351eb,1740.034159189764235327554398664276,CAD,1272.405601,USDC,0xf00000003d31d4ab730a8e269ae547f8f76996ba,1745.8436945066771858645492,CAD,,,,,,,,,0xe6a73014a578548f4936c2983db631e8a67d8ecf128213868fc849f392e6e623,https://arbiscan.io/tx/0xe6a73014a578548f4936c2983db631e8a67d8ecf128213868fc849f392e6e623,2025-01-03T19:55:10.000Z
01/03/2025,14:54,approve,Confirmed,arbitrum,,,,,,,,,,,0.00000212271,ETH,0.01053851829628244347764,CAD,,,,,0xcb4b445eb465bfc32b21dc52fcfd3a5a1d6f4fb59a2b8979eec782b29dc9ca99,https://arbiscan.io/tx/0xcb4b445eb465bfc32b21dc52fcfd3a5a1d6f4fb59a2b8979eec782b29dc9ca99,2025-01-03T19:54:56.000Z
01/03/2025,14:50,receive,Confirmed,ethereum,0.19999922,ETH,0x312e67b47a2a29ae200184949093d92369f80b53,992.98434871766745024988,CAD,,,,,,0.0079849477902777,ETH,39.6447955200699272450493082158,CAD,,,,,0x1e10a43bed06efe2f2da3812d9c965bb27df8127d2341a691e1f0fae5f4fd0e1,https://etherscan.io/tx/0x1e10a43bed06efe2f2da3812d9c965bb27df8127d2341a691e1f0fae5f4fd0e1,2025-01-03T19:50:23.000Z
01/03/2025,14:49,trade,Confirmed,ethereum,0.033640915824743273,ETH,0x00000011f84b9aa48e5f8aa8b9897600006289be,167.025165850639674951259048334542,CAD,0.373674286636573031,AAVE,0xd4bc53434c5e12cb41381a556c3c47e1a86e80e3,180.6261435569268957876044602735864,CAD,,,,,,,,,0xb488b89ff37394cb3fef66f6c9fa3582ac37578b4dccd21ee4181d6ee5a01b33,https://etherscan.io/tx/0xb488b89ff37394cb3fef66f6c9fa3582ac37578b4dccd21ee4181d6ee5a01b33,2025-01-03T19:49:59.000Z
01/03/2025,14:49,approve,Confirmed,ethereum,,,,,,,,,,,0.00051365510114433,ETH,2.55026732641912366304696353182,CAD,,,,,0x6b7f0b4709f22b45d568c455556a6ec31ad1f8d4ee3a5aeeed4dbc03640e7998,https://etherscan.io/tx/0x6b7f0b4709f22b45d568c455556a6ec31ad1f8d4ee3a5aeeed4dbc03640e7998,2025-01-03T19:49:47.000Z
01/03/2025,14:49,approve,Confirmed,ethereum,,,,,,,,,,,0.000748026316597107,ETH,3.714142750202629642751262723999,CAD,,,,,0x0a0e9ec78275f9507ea168820e7b74698a3c47bdf193ebc8684c7d4a0b84b86b,https://etherscan.io/tx/0x0a0e9ec78275f9507ea168820e7b74698a3c47bdf193ebc8684c7d4a0b84b86b,2025-01-03T19:49:23.000Z
01/03/2025,14:48,trade,Confirmed,ethereum,0.675572479664703994,ETH,0x00000011f84b9aa48e5f8aa8b9897600006289be,3355.4757353520459725887211367852,CAD,2463.715506,USDC,0x43ee35d5542f5b826fa92832bd97caff153675a8,3379.9642569906774023250312,CAD,,,,,,,,,0xaeda37e6dfa8db9361e99320ab2d38010d6fb30259c8e80d2d5199edb2ed3886,https://etherscan.io/tx/0xaeda37e6dfa8db9361e99320ab2d38010d6fb30259c8e80d2d5199edb2ed3886,2025-01-03T19:48:35.000Z
01/03/2025,14:48,approve,Confirmed,ethereum,,,,,,,,,,,0.000836337850393248,ETH,4.1539752550960106543242478784,CAD,,,,,0x066082633ca18efe4b4a816d0ab9dcc4cfecf0112ed3dce478edfae63519a230,https://etherscan.io/tx/0x066082633ca18efe4b4a816d0ab9dcc4cfecf0112ed3dce478edfae63519a230,2025-01-03T19:48:23.000Z
01/03/2025,14:47,receive,Confirmed,ethereum,0.028045211882366463,ETH,0xb8901acb165ed027e32754e0ffe830802919727f,139.2967161877185664142466944754,CAD,,,,,,,,,,,,,,0x3243fa4e22278be6c06dbe482d8a4136a8fa5c0c164f7dffc3864da0ba90401e,https://etherscan.io/tx/0x3243fa4e22278be6c06dbe482d8a4136a8fa5c0c164f7dffc3864da0ba90401e,2025-01-03T19:47:47.000Z
01/03/2025,14:47,execute,Confirmed,base,,,,,,0.03,ETH,0x10541b07d8ad2647dc6cd67abd4c03575dade261,148.966350874029885,CAD,0.000015768239023223,ETH,0.0782979008999669228723370339785,CAD,,,,,0xe3badb3a7a3b82aeed2d08fec4e1ac75e261b0b39fa98d2e119c994370dd0c6e,https://basescan.org/tx/0xe3badb3a7a3b82aeed2d08fec4e1ac75e261b0b39fa98d2e119c994370dd0c6e,2025-01-03T19:47:11.000Z
01/03/2025,14:42,receive,Confirmed,arbitrum,1272.405601,USDC,0xc38e4e6a15593f908255214653d3d947ca1c2338,1747.3135140106278679591031,CAD,,,,,,,,,,,,,,0x8256ad04a70ad20e6f902cfeeace693f1d8298fc82bdcdc0cf0fc0edf31250aa,https://arbiscan.io/tx/0x8256ad04a70ad20e6f902cfeeace693f1d8298fc82bdcdc0cf0fc0edf31250aa,2025-01-03T19:42:22.000Z
01/03/2025,14:33,receive,Confirmed,ethereum,0.373674286636573031,AAVE,0x862f26238d773fde4e29156f3bb7cf58ea4cd1af,180.56641832742593747675149550658055,CAD,,,,,,,,,,,,,,0x18b2eba178bb4de7f03d64684678d39ac2c043c99a8db150969915dde9b1f387,https://etherscan.io/tx/0x18b2eba178bb4de7f03d64684678d39ac2c043c99a8db150969915dde9b1f387,2025-01-03T19:33:35.000Z
01/03/2025,14:33,receive,Confirmed,ethereum,3.759483401491240204,stkAAVE,0x862f26238d773fde4e29156f3bb7cf58ea4cd1af,0,CAD,,,,,,,,,,,,,,0x980008f3c4b749ebbd354b229b6fd6493f534dcb855697bf466937e3b5f25998,https://etherscan.io/tx/0x980008f3c4b749ebbd354b229b6fd6493f534dcb855697bf466937e3b5f25998,2025-01-03T19:33:11.000Z
01/03/2025,14:32,receive,Confirmed,ethereum,149.271666,USDC,0x862f26238d773fde4e29156f3bb7cf58ea4cd1af,204.915148086061479460416,CAD,,,,,,,,,,,,,,0x9d8366ff6bd29c9070ea37ade91c00671bedcfe900542b9bc2dab2b57f2414ef,https://etherscan.io/tx/0x9d8366ff6bd29c9070ea37ade91c00671bedcfe900542b9bc2dab2b57f2414ef,2025-01-03T19:32:47.000Z
01/03/2025,14:24,receive,Confirmed,arbitrum,0.27,ETH,0x862f26238d773fde4e29156f3bb7cf58ea4cd1af,1341.62362953917766,CAD,,,,,,,,,,,,,,0x5f09f216f6f68a7a8ad51c7407cba744c2ebba9a22cec1935656cb1c4966f5ba,https://arbiscan.io/tx/0x5f09f216f6f68a7a8ad51c7407cba744c2ebba9a22cec1935656cb1c4966f5ba,2025-01-03T19:24:40.000Z
01/03/2025,14:24,receive,Confirmed,base,0.03,ETH,0x862f26238d773fde4e29156f3bb7cf58ea4cd1af,149.10470397718428,CAD,,,,,,,,,,,,,,0x6ef588fc85fd6874841a193bfc370014eabeb824a709628696201bbe42c864ed,https://basescan.org/tx/0x6ef588fc85fd6874841a193bfc370014eabeb824a709628696201bbe42c864ed,2025-01-03T19:24:05.000Z